Rodada,Atleta,Apelido,Clube,Posicao,Status,Pontos,PontosMedia,Preco,PrecoVariacao,Mando,TimeCasa,TimeVisitante,PartidaData,FS,PE,A,FT,FD,FF,G,I,PP,RB,FC,GC,CA,CV,SG,DD,DP,GS
2,73421,Rafael Vaz,267,3,6,0.0,0.0,2.0,0.0,True,316,267,17/05/2015,NA,NA,NA,NA,NA,NA,NA,NA,NA,NA,NA,NA,NA,NA,NA,NA,NA,NA
2,91002,Ítalo,292,5,6,0.0,0.0,2.0,0.0,True,262,292,17/05/2015,NA,NA,NA,NA,NA,NA,NA,NA,NA,NA,NA,NA,NA,NA,NA,NA,NA,NA
2,72117,Victor Bolt,267,4,6,0.0,0.0,2.0,0.0,True,316,267,17/05/2015,NA,NA,NA,NA,NA,NA,NA,NA,NA,NA,NA,NA,NA,NA,NA,NA,NA,NA
2,83867,Erick Daltro,267,2,6,0.0,0.0,2.0,0.0,True,316,267,17/05/2015,NA,NA,NA,NA,NA,NA,NA,NA,NA,NA,NA,NA,NA,NA,NA,NA,NA,NA
2,84794,Matteus ,293,4,5,0.0,0.0,2.0,0.0,True,290,293,16/05/2015,NA,NA,NA,NA,NA,NA,NA,NA,NA,NA,NA,NA,NA,NA,NA,NA,NA,NA
2,89466,Horácio,292,4,6,0.0,0.0,2.0,0.0,True,262,292,17/05/2015,NA,NA,NA,NA,NA,NA,NA,NA,NA,NA,NA,NA,NA,NA,NA,NA,NA,NA
2,80192,Hugo Gumiero,293,1,6,0.0,0.0,2.0,0.0,True,290,293,16/05/2015,NA,NA,NA,NA,NA,NA,NA,NA,NA,NA,NA,NA,NA,NA,NA,NA,NA,NA
2,86943,Liniker,290,4,6,0.0,0.0,2.0,0.0,False,290,293,16/05/2015,NA,NA,NA,NA,NA,NA,NA,NA,NA,NA,NA,NA,NA,NA,NA,NA,NA,NA
2,82740,Artur,266,3,6,0.0,0.0,2.0,0.0,True,282,266,17/05/2015,NA,NA,NA,NA,NA,NA,NA,NA,NA,NA,NA,NA,NA,NA,NA,NA,NA,NA
2,91387,Sinho,292,2,6,0.0,0.0,2.0,0.0,True,262,292,17/05/2015,NA,NA,NA,NA,NA,NA,NA,NA,NA,NA,NA,NA,NA,NA,NA,NA,NA,NA
2,86776,Jordi,267,1,6,0.0,0.0,2.0,0.0,True,316,267,17/05/2015,NA,NA,NA,NA,NA,NA,NA,NA,NA,NA,NA,NA,NA,NA,NA,NA,NA,NA
2,88309,Renato,314,4,6,0.0,0.0,2.0,0.0,True,285,314,17/05/2015,NA,NA,NA,NA,NA,NA,NA,NA,NA,NA,NA,NA,NA,NA,NA,NA,NA,NA
2,60797,Eduardo Neto,314,4,6,0.0,0.0,2.0,0.0,True,285,314,17/05/2015,NA,NA,NA,NA,NA,NA,NA,NA,NA,NA,NA,NA,NA,NA,NA,NA,NA,NA
2,77809,William Pottker,316,5,6,0.0,0.0,2.0,0.0,False,316,267,17/05/2015,NA,NA,NA,NA,NA,NA,NA,NA,NA,NA,NA,NA,NA,NA,NA,NA,NA,NA
2,72529,Crystian,277,2,6,0.0,0.0,2.0,0.0,False,277,283,17/05/2015,NA,NA,NA,NA,NA,NA,NA,NA,NA,NA,NA,NA,NA,NA,NA,NA,NA,NA
2,91715,Matheus Cassini,264,4,6,0.0,0.0,2.0,0.0,False,264,315,16/05/2015,NA,NA,NA,NA,NA,NA,NA,NA,NA,NA,NA,NA,NA,NA,NA,NA,NA,NA
2,90872,Wagner,315,4,6,0.0,0.0,2.0,0.0,True,264,315,16/05/2015,NA,NA,NA,NA,NA,NA,NA,NA,NA,NA,NA,NA,NA,NA,NA,NA,NA,NA
2,63418,Leandro Silva,294,3,6,0.0,0.0,2.0,0.0,False,294,284,16/05/2015,NA,NA,NA,NA,NA,NA,NA,NA,NA,NA,NA,NA,NA,NA,NA,NA,NA,NA
2,85626,Leonardo,266,2,6,0.0,0.0,2.0,0.0,True,282,266,17/05/2015,NA,NA,NA,NA,NA,NA,NA,NA,NA,NA,NA,NA,NA,NA,NA,NA,NA,NA
2,74086,Pedro Paulo ,293,5,6,0.0,0.0,2.0,0.0,True,290,293,16/05/2015,NA,NA,NA,NA,NA,NA,NA,NA,NA,NA,NA,NA,NA,NA,NA,NA,NA,NA
2,82647,Régis,292,4,6,6.0,6.0,9.49,3.49,True,262,292,17/05/2015,1.0,NA,NA,NA,NA,NA,1.0,NA,NA,NA,1.0,NA,1.0,NA,NA,NA,NA,NA
2,38959,Vagner Love,264,5,7,1.0,1.0,9.49,-1.51,False,264,315,16/05/2015,3.0,3.0,NA,NA,NA,1.0,NA,2.0,NA,1.0,2.0,NA,NA,NA,NA,NA,NA,NA
2,50462,Leandro Almeida,294,3,7,-2.1,-2.1,9.41,-4.59,False,294,284,16/05/2015,NA,1.0,NA,NA,1.0,NA,NA,NA,NA,1.0,5.0,NA,1.0,NA,NA,NA,NA,NA
2,88323,Ángel Romero,264,5,6,6.9,6.9,9.41,4.41,False,264,315,16/05/2015,NA,2.0,NA,NA,NA,NA,1.0,NA,NA,NA,1.0,NA,NA,NA,NA,NA,NA,NA
2,60969,Patric,282,2,7,3.8,3.8,9.33,1.33,False,282,266,17/05/2015,1.0,4.0,NA,NA,NA,NA,1.0,1.0,NA,NA,2.0,NA,1.0,NA,NA,NA,NA,NA
2,37655,Rafael Moura,285,5,7,2.7,2.7,9.25,0.25,False,285,314,17/05/2015,1.0,NA,NA,NA,1.0,NA,NA,NA,NA,1.0,1.0,NA,NA,NA,NA,NA,NA,NA
2,50362,Lucas,275,2,7,0.4,0.4,9.02,-1.98,True,317,275,17/05/2015,1.0,1.0,NA,NA,NA,1.0,NA,NA,NA,NA,1.0,NA,NA,NA,NA,NA,NA,NA
2,78965,Roni,303,4,6,0.0,0.0,9.0,0.0,False,303,276,17/05/2015,NA,NA,NA,NA,NA,NA,NA,NA,NA,NA,NA,NA,NA,NA,NA,NA,NA,NA
2,38108,Jorge Henrique,285,5,6,0.0,0.0,9.0,0.0,False,285,314,17/05/2015,NA,NA,NA,NA,NA,NA,NA,NA,NA,NA,NA,NA,NA,NA,NA,NA,NA,NA
2,38525,Cléo,293,5,6,0.0,0.0,9.0,0.0,True,290,293,16/05/2015,NA,NA,NA,NA,NA,NA,NA,NA,NA,NA,NA,NA,NA,NA,NA,NA,NA,NA
2,38311,Márcio Araújo,262,4,6,0.0,0.0,9.0,0.0,False,262,292,17/05/2015,NA,NA,NA,NA,NA,NA,NA,NA,NA,NA,NA,NA,NA,NA,NA,NA,NA,NA
2,62127,Wallyson,294,5,6,0.0,0.0,9.0,0.0,False,294,284,16/05/2015,NA,NA,NA,NA,NA,NA,NA,NA,NA,NA,NA,NA,NA,NA,NA,NA,NA,NA
2,55519,Edmílson,315,5,6,0.0,0.0,9.0,0.0,True,264,315,16/05/2015,NA,NA,NA,NA,NA,NA,NA,NA,NA,NA,NA,NA,NA,NA,NA,NA,NA,NA
2,50347,Alan Kardec,276,5,5,0.0,0.0,9.0,0.0,True,303,276,17/05/2015,NA,NA,NA,NA,NA,NA,NA,NA,NA,NA,NA,NA,NA,NA,NA,NA,NA,NA
2,78968,Leandro Pereira,275,5,5,0.0,0.0,9.0,0.0,True,317,275,17/05/2015,NA,NA,NA,NA,NA,NA,NA,NA,NA,NA,NA,NA,NA,NA,NA,NA,NA,NA
2,50880,Keirrison,294,5,6,0.0,0.0,9.0,0.0,False,294,284,16/05/2015,NA,NA,NA,NA,NA,NA,NA,NA,NA,NA,NA,NA,NA,NA,NA,NA,NA,NA
2,72084,França,316,4,5,0.0,0.0,9.0,0.0,False,316,267,17/05/2015,NA,NA,NA,NA,NA,NA,NA,NA,NA,NA,NA,NA,NA,NA,NA,NA,NA,NA
2,84679,Emanuel Biancucchi,267,4,6,0.0,0.0,9.0,0.0,True,316,267,17/05/2015,NA,NA,NA,NA,NA,NA,NA,NA,NA,NA,NA,NA,NA,NA,NA,NA,NA,NA
2,37851,Maicosuel,282,4,7,2.3,2.3,8.94,-0.06,False,282,266,17/05/2015,1.0,3.0,NA,NA,1.0,NA,NA,NA,NA,1.0,NA,NA,NA,NA,NA,NA,NA,NA
2,37657,Edu Dracena,264,3,7,5.2,5.2,8.86,2.86,False,264,315,16/05/2015,1.0,1.0,NA,NA,NA,NA,NA,NA,NA,NA,NA,NA,NA,NA,1.0,NA,NA,NA
2,90939,Wesley,315,2,6,0.0,0.0,1.0,0.0,True,264,315,16/05/2015,NA,NA,NA,NA,NA,NA,NA,NA,NA,NA,NA,NA,NA,NA,NA,NA,NA,NA
2,90290,Jajá,315,4,6,0.0,0.0,1.0,0.0,True,264,315,16/05/2015,NA,NA,NA,NA,NA,NA,NA,NA,NA,NA,NA,NA,NA,NA,NA,NA,NA,NA
2,71043,Leo,276,1,6,0.0,0.0,1.0,0.0,True,303,276,17/05/2015,NA,NA,NA,NA,NA,NA,NA,NA,NA,NA,NA,NA,NA,NA,NA,NA,NA,NA
2,91260,Lucas Perri,276,1,6,0.0,0.0,1.0,0.0,True,303,276,17/05/2015,NA,NA,NA,NA,NA,NA,NA,NA,NA,NA,NA,NA,NA,NA,NA,NA,NA,NA
2,82791,Toshi,314,4,6,0.0,0.0,1.0,0.0,True,285,314,17/05/2015,NA,NA,NA,NA,NA,NA,NA,NA,NA,NA,NA,NA,NA,NA,NA,NA,NA,NA
2,90291,Pedro,315,2,6,0.0,0.0,1.0,0.0,True,264,315,16/05/2015,NA,NA,NA,NA,NA,NA,NA,NA,NA,NA,NA,NA,NA,NA,NA,NA,NA,NA
2,87268,Philipe Maia,314,3,6,0.0,0.0,1.0,0.0,True,285,314,17/05/2015,NA,NA,NA,NA,NA,NA,NA,NA,NA,NA,NA,NA,NA,NA,NA,NA,NA,NA
2,89695,Iury,314,5,6,0.0,0.0,1.0,0.0,True,285,314,17/05/2015,NA,NA,NA,NA,NA,NA,NA,NA,NA,NA,NA,NA,NA,NA,NA,NA,NA,NA
2,89696,Rômulo,314,5,6,0.0,0.0,1.0,0.0,True,285,314,17/05/2015,NA,NA,NA,NA,NA,NA,NA,NA,NA,NA,NA,NA,NA,NA,NA,NA,NA,NA
2,89445,Yuri,315,5,6,0.0,0.0,1.0,0.0,True,264,315,16/05/2015,NA,NA,NA,NA,NA,NA,NA,NA,NA,NA,NA,NA,NA,NA,NA,NA,NA,NA
2,80286,Matheus Vidotto,264,1,6,0.0,0.0,1.0,0.0,False,264,315,16/05/2015,NA,NA,NA,NA,NA,NA,NA,NA,NA,NA,NA,NA,NA,NA,NA,NA,NA,NA
2,72603,William Menezes,294,1,5,0.0,0.0,1.0,0.0,False,294,284,16/05/2015,NA,NA,NA,NA,NA,NA,NA,NA,NA,NA,NA,NA,NA,NA,NA,NA,NA,NA
2,86449,Samuel,294,1,6,0.0,0.0,1.0,0.0,False,294,284,16/05/2015,NA,NA,NA,NA,NA,NA,NA,NA,NA,NA,NA,NA,NA,NA,NA,NA,NA,NA
2,72290,Jailson,275,1,6,0.0,0.0,1.0,0.0,True,317,275,17/05/2015,NA,NA,NA,NA,NA,NA,NA,NA,NA,NA,NA,NA,NA,NA,NA,NA,NA,NA
2,89924,Bruno Edgar,283,4,6,0.0,0.0,1.0,0.0,True,277,283,17/05/2015,NA,NA,NA,NA,NA,NA,NA,NA,NA,NA,NA,NA,NA,NA,NA,NA,NA,NA
2,79048,Elisson,283,1,6,0.0,0.0,1.0,0.0,True,277,283,17/05/2015,NA,NA,NA,NA,NA,NA,NA,NA,NA,NA,NA,NA,NA,NA,NA,NA,NA,NA
2,90320,Igor,317,3,6,0.0,0.0,1.0,0.0,False,317,275,17/05/2015,NA,NA,NA,NA,NA,NA,NA,NA,NA,NA,NA,NA,NA,NA,NA,NA,NA,NA
2,90319,André Baumer,317,3,6,0.0,0.0,1.0,0.0,False,317,275,17/05/2015,NA,NA,NA,NA,NA,NA,NA,NA,NA,NA,NA,NA,NA,NA,NA,NA,NA,NA
2,80335,Vitor,317,1,6,0.0,0.0,1.0,0.0,False,317,275,17/05/2015,NA,NA,NA,NA,NA,NA,NA,NA,NA,NA,NA,NA,NA,NA,NA,NA,NA,NA
2,89306,Paulinho,282,4,6,0.0,0.0,1.0,0.0,False,282,266,17/05/2015,NA,NA,NA,NA,NA,NA,NA,NA,NA,NA,NA,NA,NA,NA,NA,NA,NA,NA
2,50292,Paulinho Dias,293,4,6,0.0,0.0,6.0,0.0,True,290,293,16/05/2015,NA,NA,NA,NA,NA,NA,NA,NA,NA,NA,NA,NA,NA,NA,NA,NA,NA,NA
2,51293,Wanderson,315,4,6,0.0,0.0,6.0,0.0,True,264,315,16/05/2015,NA,NA,NA,NA,NA,NA,NA,NA,NA,NA,NA,NA,NA,NA,NA,NA,NA,NA
2,51683,Bruno Rangel,315,5,6,0.0,0.0,6.0,0.0,True,264,315,16/05/2015,NA,NA,NA,NA,NA,NA,NA,NA,NA,NA,NA,NA,NA,NA,NA,NA,NA,NA
2,88870,Lula,293,3,6,0.0,0.0,6.0,0.0,True,290,293,16/05/2015,NA,NA,NA,NA,NA,NA,NA,NA,NA,NA,NA,NA,NA,NA,NA,NA,NA,NA
2,42489,Cássio,314,3,6,0.0,0.0,6.0,0.0,True,285,314,17/05/2015,NA,NA,NA,NA,NA,NA,NA,NA,NA,NA,NA,NA,NA,NA,NA,NA,NA,NA
2,71778,Bady,293,4,6,0.0,0.0,6.0,0.0,True,290,293,16/05/2015,NA,NA,NA,NA,NA,NA,NA,NA,NA,NA,NA,NA,NA,NA,NA,NA,NA,NA
2,70933,Anderson Salles,267,3,6,0.0,0.0,6.0,0.0,True,316,267,17/05/2015,NA,NA,NA,NA,NA,NA,NA,NA,NA,NA,NA,NA,NA,NA,NA,NA,NA,NA
2,62997,João Paulo,303,2,5,0.0,0.0,6.0,0.0,False,303,276,17/05/2015,NA,NA,NA,NA,NA,NA,NA,NA,NA,NA,NA,NA,NA,NA,NA,NA,NA,NA
2,80913,Nixon,262,5,5,0.0,0.0,6.0,0.0,False,262,292,17/05/2015,NA,NA,NA,NA,NA,NA,NA,NA,NA,NA,NA,NA,NA,NA,NA,NA,NA,NA
2,69268,Víctor Cáceres,262,4,6,0.0,0.0,6.0,0.0,False,262,292,17/05/2015,NA,NA,NA,NA,NA,NA,NA,NA,NA,NA,NA,NA,NA,NA,NA,NA,NA,NA
2,88379,Jean Patrick,267,4,6,0.0,0.0,6.0,0.0,True,316,267,17/05/2015,NA,NA,NA,NA,NA,NA,NA,NA,NA,NA,NA,NA,NA,NA,NA,NA,NA,NA
2,74060,Luiz Antonio ,262,4,6,0.0,0.0,6.0,0.0,False,262,292,17/05/2015,NA,NA,NA,NA,NA,NA,NA,NA,NA,NA,NA,NA,NA,NA,NA,NA,NA,NA
2,42232,Amaral,275,4,6,0.0,0.0,6.0,0.0,True,317,275,17/05/2015,NA,NA,NA,NA,NA,NA,NA,NA,NA,NA,NA,NA,NA,NA,NA,NA,NA,NA
2,82337,Geandro,317,4,5,0.0,0.0,6.0,0.0,False,317,275,17/05/2015,NA,NA,NA,NA,NA,NA,NA,NA,NA,NA,NA,NA,NA,NA,NA,NA,NA,NA
2,82306,Douglas Silva,267,3,6,0.0,0.0,6.0,0.0,True,316,267,17/05/2015,NA,NA,NA,NA,NA,NA,NA,NA,NA,NA,NA,NA,NA,NA,NA,NA,NA,NA
2,38186,Adrianinho,303,4,6,0.0,0.0,6.0,0.0,False,303,276,17/05/2015,NA,NA,NA,NA,NA,NA,NA,NA,NA,NA,NA,NA,NA,NA,NA,NA,NA,NA
2,51476,Rafael Bastos,316,4,5,0.0,0.0,6.0,0.0,False,316,267,17/05/2015,NA,NA,NA,NA,NA,NA,NA,NA,NA,NA,NA,NA,NA,NA,NA,NA,NA,NA
2,37627,Diguinho,267,4,6,0.0,0.0,6.0,0.0,True,316,267,17/05/2015,NA,NA,NA,NA,NA,NA,NA,NA,NA,NA,NA,NA,NA,NA,NA,NA,NA,NA
2,77967,Mena,283,2,6,0.0,0.0,6.0,0.0,True,277,283,17/05/2015,NA,NA,NA,NA,NA,NA,NA,NA,NA,NA,NA,NA,NA,NA,NA,NA,NA,NA
2,73974,Alison,277,4,5,0.0,0.0,6.0,0.0,False,277,283,17/05/2015,NA,NA,NA,NA,NA,NA,NA,NA,NA,NA,NA,NA,NA,NA,NA,NA,NA,NA
2,70116,Fellipe Bastos,284,4,5,0.0,0.0,11.0,0.0,True,294,284,16/05/2015,NA,NA,NA,NA,NA,NA,NA,NA,NA,NA,NA,NA,NA,NA,NA,NA,NA,NA
2,37604,Paulo André,283,3,6,0.0,0.0,11.0,0.0,True,277,283,17/05/2015,NA,NA,NA,NA,NA,NA,NA,NA,NA,NA,NA,NA,NA,NA,NA,NA,NA,NA
2,38573,Nilton,285,4,5,0.0,0.0,11.0,0.0,False,285,314,17/05/2015,NA,NA,NA,NA,NA,NA,NA,NA,NA,NA,NA,NA,NA,NA,NA,NA,NA,NA
2,85211,Thalles,267,5,6,0.0,0.0,11.0,0.0,True,316,267,17/05/2015,NA,NA,NA,NA,NA,NA,NA,NA,NA,NA,NA,NA,NA,NA,NA,NA,NA,NA
2,60822,Renan Oliveira,314,4,7,5.7,5.7,10.84,2.84,True,285,314,17/05/2015,NA,2.0,NA,NA,NA,NA,NA,1.0,NA,4.0,NA,NA,NA,NA,NA,NA,NA,NA
2,78891,Petros,264,4,7,3.6,3.6,10.76,0.76,False,264,315,16/05/2015,1.0,5.0,NA,NA,NA,NA,NA,NA,NA,3.0,1.0,NA,NA,NA,NA,NA,NA,NA
2,69022,Marcelo Cirino,262,5,7,-1.4,-1.4,10.76,-4.24,False,262,292,17/05/2015,2.0,3.0,NA,NA,NA,NA,NA,3.0,NA,NA,NA,NA,NA,NA,NA,NA,NA,NA
2,37608,Cristian,264,4,7,4.6,4.6,10.76,1.76,False,264,315,16/05/2015,1.0,5.0,NA,NA,1.0,NA,NA,NA,NA,3.0,1.0,NA,NA,NA,NA,NA,NA,NA
2,72605,Vitor Hugo,275,3,7,8.5,8.5,10.68,5.68,True,317,275,17/05/2015,2.0,NA,NA,NA,1.0,NA,1.0,NA,NA,NA,3.0,NA,NA,NA,NA,NA,NA,NA
2,41327,Vanderlei Luxemburgo,262,6,7,2.46,2.46,10.65,-0.35,False,262,292,17/05/2015,NA,NA,NA,NA,NA,NA,NA,NA,NA,NA,NA,NA,NA,NA,NA,NA,NA,NA
2,50427,Kadu,293,3,7,8.4,8.4,10.6,5.6,True,290,293,16/05/2015,NA,NA,NA,NA,NA,NA,NA,NA,NA,2.0,NA,NA,NA,NA,1.0,NA,NA,NA
2,36790,Josué,282,4,7,8.4,8.4,10.6,5.6,False,282,266,17/05/2015,6.0,NA,1.0,NA,NA,NA,NA,NA,NA,2.0,2.0,NA,1.0,NA,NA,NA,NA,NA
2,73918,Canteros,262,4,7,-0.7,-0.7,10.52,-3.48,False,262,292,17/05/2015,1.0,3.0,NA,NA,NA,1.0,NA,NA,NA,NA,2.0,NA,NA,NA,NA,NA,NA,NA
2,60853,Julio Dos Santos,267,4,7,0.3,0.3,10.52,-2.48,True,316,267,17/05/2015,1.0,8.0,NA,NA,1.0,NA,NA,NA,NA,1.0,1.0,NA,NA,NA,NA,NA,NA,NA
2,42145,Egídio,275,2,6,-0.9,-0.9,10.36,-3.64,True,317,275,17/05/2015,1.0,3.0,NA,NA,NA,NA,NA,NA,NA,NA,1.0,NA,NA,NA,NA,NA,NA,NA
2,49675,Alexandre Pato,276,5,6,8.0,8.0,10.28,5.28,True,303,276,17/05/2015,NA,NA,NA,NA,NA,NA,1.0,NA,NA,NA,NA,NA,NA,NA,NA,NA,NA,NA
2,63014,Gil,315,4,7,5.9,5.9,10.2,3.2,True,264,315,16/05/2015,3.0,3.0,NA,NA,NA,NA,NA,NA,NA,4.0,3.0,NA,NA,NA,NA,NA,NA,NA
2,68893,André Lima,314,5,7,2.8,2.8,10.12,0.12,True,285,314,17/05/2015,NA,1.0,NA,NA,1.0,3.0,NA,NA,NA,NA,NA,NA,NA,NA,NA,NA,NA,NA
2,38140,Fernando Prass,275,1,7,0.7,0.7,10.05,-1.95,True,317,275,17/05/2015,NA,NA,NA,NA,NA,NA,NA,NA,NA,1.0,NA,NA,NA,NA,NA,1.0,NA,2.0
2,68698,Bruno Silva,315,4,6,-1.3,-1.3,10.05,-3.95,True,264,315,16/05/2015,NA,NA,NA,NA,NA,NA,NA,NA,NA,1.0,2.0,NA,1.0,NA,NA,NA,NA,NA
2,78077,Madson,267,2,7,4.3,4.3,12.89,0.89,True,316,267,17/05/2015,2.0,4.0,NA,NA,NA,NA,NA,NA,NA,NA,1.0,NA,NA,NA,1.0,NA,NA,NA
2,50313,Elicarlos,315,4,7,9.1,9.1,12.73,5.73,True,264,315,16/05/2015,2.0,2.0,NA,NA,NA,NA,1.0,NA,NA,1.0,2.0,NA,NA,NA,NA,NA,NA,NA
2,81150,Mayke,283,2,6,-0.9,-0.9,12.73,-4.27,True,277,283,17/05/2015,NA,3.0,NA,NA,1.0,NA,NA,NA,NA,NA,2.0,NA,NA,NA,NA,NA,NA,NA
2,38431,Diego Cavalieri,266,1,7,5.0,5.0,12.66,1.66,True,282,266,17/05/2015,NA,NA,NA,NA,NA,NA,NA,NA,NA,NA,NA,NA,NA,NA,1.0,NA,NA,NA
2,84791,Kenedy,266,5,7,2.9,2.9,12.58,-0.42,True,282,266,17/05/2015,3.0,1.0,NA,NA,2.0,1.0,NA,1.0,NA,NA,1.0,NA,NA,NA,NA,NA,NA,NA
2,38738,Douglas,284,4,6,-0.1,-0.1,12.58,-3.42,True,294,284,16/05/2015,NA,1.0,NA,NA,NA,1.0,NA,NA,NA,NA,1.0,NA,NA,NA,NA,NA,NA,NA
2,38138,Jô,282,5,7,5.9,5.9,12.58,2.58,False,282,266,17/05/2015,4.0,2.0,NA,NA,NA,NA,1.0,1.0,NA,NA,2.0,NA,1.0,NA,NA,NA,NA,NA
2,71113,Felipe ,293,4,7,8.5,8.5,12.26,5.26,True,290,293,16/05/2015,NA,3.0,NA,NA,NA,1.0,1.0,NA,NA,1.0,2.0,NA,NA,NA,NA,NA,NA,NA
2,38100,Durval,292,3,7,3.5,3.5,12.26,0.26,True,262,292,17/05/2015,NA,3.0,NA,NA,1.0,NA,NA,NA,NA,2.0,NA,NA,NA,NA,NA,NA,NA,NA
2,38632,Matheus Ferraz,292,3,7,8.4,8.4,12.18,5.18,True,262,292,17/05/2015,NA,2.0,NA,NA,1.0,NA,1.0,NA,NA,NA,NA,NA,NA,NA,NA,NA,NA,NA
2,69018,Deivid,293,4,7,5.3,5.3,12.1,2.1,True,290,293,16/05/2015,3.0,1.0,NA,NA,NA,NA,NA,NA,NA,3.0,2.0,NA,NA,NA,NA,NA,NA,NA
2,60788,Marquinhos,283,5,7,0.2,0.2,12.02,-2.98,True,277,283,17/05/2015,2.0,4.0,NA,NA,NA,2.0,NA,NA,NA,NA,2.0,NA,NA,NA,NA,NA,NA,NA
2,38064,Denilson,276,4,6,0.0,0.0,12.0,0.0,True,303,276,17/05/2015,NA,NA,NA,NA,NA,NA,NA,NA,NA,NA,NA,NA,NA,NA,NA,NA,NA,NA
2,38279,Wellington Paulista,294,5,5,0.0,0.0,12.0,0.0,False,294,284,16/05/2015,NA,NA,NA,NA,NA,NA,NA,NA,NA,NA,NA,NA,NA,NA,NA,NA,NA,NA
2,51318,Leandro Donizete,282,4,6,0.0,0.0,12.0,0.0,False,282,266,17/05/2015,NA,NA,NA,NA,NA,NA,NA,NA,NA,NA,NA,NA,NA,NA,NA,NA,NA,NA
2,68693,Armero,262,2,6,0.0,0.0,12.0,0.0,False,262,292,17/05/2015,NA,NA,NA,NA,NA,NA,NA,NA,NA,NA,NA,NA,NA,NA,NA,NA,NA,NA
2,42500,Fagner,264,2,6,0.0,0.0,12.0,0.0,False,264,315,16/05/2015,NA,NA,NA,NA,NA,NA,NA,NA,NA,NA,NA,NA,NA,NA,NA,NA,NA,NA
2,60819,Dedé,283,3,5,0.0,0.0,12.0,0.0,True,277,283,17/05/2015,NA,NA,NA,NA,NA,NA,NA,NA,NA,NA,NA,NA,NA,NA,NA,NA,NA,NA
2,37694,Henrique,283,4,6,0.0,0.0,12.0,0.0,True,277,283,17/05/2015,NA,NA,NA,NA,NA,NA,NA,NA,NA,NA,NA,NA,NA,NA,NA,NA,NA,NA
2,68974,Marcão,316,5,6,0.0,0.0,12.0,0.0,False,316,267,17/05/2015,NA,NA,NA,NA,NA,NA,NA,NA,NA,NA,NA,NA,NA,NA,NA,NA,NA,NA
2,82499,Christiano ,267,2,7,3.6,3.6,6.01,2.01,True,316,267,17/05/2015,4.0,2.0,NA,NA,NA,1.0,NA,NA,NA,NA,3.0,NA,1.0,NA,1.0,NA,NA,NA
2,80280,Taiberson,285,5,7,4.6,4.6,6.01,3.01,False,285,314,17/05/2015,5.0,2.0,NA,1.0,NA,1.0,NA,1.0,NA,NA,2.0,NA,NA,NA,NA,NA,NA,NA
2,73515,Gabriel,262,4,7,0.6,0.6,6.01,-0.99,False,262,292,17/05/2015,1.0,3.0,NA,NA,1.0,NA,NA,NA,NA,NA,NA,NA,NA,NA,NA,NA,NA,NA
2,63031,Valmir Lucas,290,3,6,0.0,0.0,6.0,0.0,False,290,293,16/05/2015,NA,NA,NA,NA,NA,NA,NA,NA,NA,NA,NA,NA,NA,NA,NA,NA,NA,NA
2,81952,Willian,292,4,6,0.0,0.0,6.0,0.0,True,262,292,17/05/2015,NA,NA,NA,NA,NA,NA,NA,NA,NA,NA,NA,NA,NA,NA,NA,NA,NA,NA
2,80287,Luciano,264,5,6,0.0,0.0,6.0,0.0,False,264,315,16/05/2015,NA,NA,NA,NA,NA,NA,NA,NA,NA,NA,NA,NA,NA,NA,NA,NA,NA,NA
2,51413,Walter,264,1,6,0.0,0.0,6.0,0.0,False,264,315,16/05/2015,NA,NA,NA,NA,NA,NA,NA,NA,NA,NA,NA,NA,NA,NA,NA,NA,NA,NA
2,37790,Ceará,283,2,6,0.0,0.0,6.0,0.0,True,277,283,17/05/2015,NA,NA,NA,NA,NA,NA,NA,NA,NA,NA,NA,NA,NA,NA,NA,NA,NA,NA
2,90566,Rafael Longuine,277,4,6,0.0,0.0,6.0,0.0,False,277,283,17/05/2015,NA,NA,NA,NA,NA,NA,NA,NA,NA,NA,NA,NA,NA,NA,NA,NA,NA,NA
2,84684,Lucas Gomes,266,5,6,0.0,0.0,6.0,0.0,True,282,266,17/05/2015,NA,NA,NA,NA,NA,NA,NA,NA,NA,NA,NA,NA,NA,NA,NA,NA,NA,NA
2,80944,Marlone,266,4,6,0.0,0.0,6.0,0.0,True,282,266,17/05/2015,NA,NA,NA,NA,NA,NA,NA,NA,NA,NA,NA,NA,NA,NA,NA,NA,NA,NA
2,71090,João Filipe,266,3,6,0.0,0.0,6.0,0.0,True,282,266,17/05/2015,NA,NA,NA,NA,NA,NA,NA,NA,NA,NA,NA,NA,NA,NA,NA,NA,NA,NA
2,38365,Henrique,266,3,6,0.0,0.0,6.0,0.0,True,282,266,17/05/2015,NA,NA,NA,NA,NA,NA,NA,NA,NA,NA,NA,NA,NA,NA,NA,NA,NA,NA
2,37984,Aranha,275,1,6,0.0,0.0,6.0,0.0,True,317,275,17/05/2015,NA,NA,NA,NA,NA,NA,NA,NA,NA,NA,NA,NA,NA,NA,NA,NA,NA,NA
2,85629,Daniel,276,4,5,0.0,0.0,6.0,0.0,True,303,276,17/05/2015,NA,NA,NA,NA,NA,NA,NA,NA,NA,NA,NA,NA,NA,NA,NA,NA,NA,NA
2,37783,Ramon,290,4,6,0.0,0.0,6.0,0.0,False,290,293,16/05/2015,NA,NA,NA,NA,NA,NA,NA,NA,NA,NA,NA,NA,NA,NA,NA,NA,NA,NA
2,37654,Rosinei,294,4,6,0.0,0.0,6.0,0.0,False,294,284,16/05/2015,NA,NA,NA,NA,NA,NA,NA,NA,NA,NA,NA,NA,NA,NA,NA,NA,NA,NA
2,82613,Alan Costa,285,3,6,0.0,0.0,6.0,0.0,False,285,314,17/05/2015,NA,NA,NA,NA,NA,NA,NA,NA,NA,NA,NA,NA,NA,NA,NA,NA,NA,NA
2,88366,Martín Luque,285,4,6,0.0,0.0,6.0,0.0,False,285,314,17/05/2015,NA,NA,NA,NA,NA,NA,NA,NA,NA,NA,NA,NA,NA,NA,NA,NA,NA,NA
2,79826,Douglas Santos,282,2,6,0.0,0.0,6.0,0.0,False,282,266,17/05/2015,NA,NA,NA,NA,NA,NA,NA,NA,NA,NA,NA,NA,NA,NA,NA,NA,NA,NA
2,63283,Esquerdinha,290,4,6,-0.5,-0.5,6.72,-2.28,False,290,293,16/05/2015,NA,NA,NA,NA,NA,NA,NA,NA,NA,NA,1.0,NA,NA,NA,NA,NA,NA,NA
2,68962,Arthur Maia,262,4,6,2.4,2.4,6.64,0.64,False,262,292,17/05/2015,NA,NA,NA,NA,NA,1.0,NA,NA,NA,1.0,NA,NA,NA,NA,NA,NA,NA,NA
2,86841,Boschilia,276,4,7,2.3,2.3,6.57,0.57,True,303,276,17/05/2015,1.0,1.0,NA,NA,NA,2.0,NA,1.0,NA,1.0,1.0,NA,NA,NA,NA,NA,NA,NA
2,87211,Eduardo Baptista,292,6,7,4.31,4.31,6.57,2.57,True,262,292,17/05/2015,NA,NA,NA,NA,NA,NA,NA,NA,NA,NA,NA,NA,NA,NA,NA,NA,NA,NA
2,50382,Charles,283,4,7,0.2,0.2,6.49,-1.51,True,277,283,17/05/2015,NA,4.0,NA,NA,NA,NA,NA,NA,NA,2.0,NA,NA,1.0,NA,NA,NA,NA,NA
2,80374,Norberto ,294,2,7,0.1,0.1,6.41,-1.59,False,294,284,16/05/2015,3.0,3.0,NA,NA,NA,NA,NA,NA,NA,NA,1.0,NA,NA,NA,NA,NA,NA,NA
2,50454,Serginho,267,4,7,0.0,0.0,6.33,-1.67,True,316,267,17/05/2015,3.0,5.0,NA,NA,NA,NA,NA,NA,NA,NA,NA,NA,NA,NA,NA,NA,NA,NA
2,79584,Yago,267,5,6,2.0,2.0,6.33,0.33,True,316,267,17/05/2015,4.0,NA,NA,NA,NA,NA,NA,NA,NA,NA,NA,NA,NA,NA,NA,NA,NA,NA
2,72893,Eduardo Da Silva,262,5,6,0.0,0.0,6.33,-1.67,False,262,292,17/05/2015,NA,NA,NA,NA,NA,NA,NA,NA,NA,NA,NA,NA,NA,NA,NA,NA,NA,NA
2,77500,Yago,264,3,7,4.0,4.0,6.33,2.33,False,264,315,16/05/2015,NA,NA,NA,NA,NA,NA,NA,NA,NA,NA,2.0,NA,NA,NA,1.0,NA,NA,NA
2,85399,Felipe Macedo,290,3,7,3.9,3.9,6.25,2.25,False,290,293,16/05/2015,2.0,1.0,NA,NA,NA,NA,NA,NA,NA,1.0,3.0,NA,1.0,NA,1.0,NA,NA,NA
2,69177,Léo,285,2,7,1.9,1.9,6.25,0.25,False,285,314,17/05/2015,2.0,1.0,NA,NA,NA,NA,NA,NA,NA,1.0,1.0,NA,NA,NA,NA,NA,NA,NA
2,74074,Claudio Winck,285,2,7,0.8,0.8,6.17,-0.83,False,285,314,17/05/2015,1.0,2.0,NA,NA,NA,1.0,NA,NA,NA,1.0,3.0,NA,NA,NA,NA,NA,NA,NA
2,70929,Negueba,294,5,7,-0.2,-0.2,6.17,-1.83,False,294,284,16/05/2015,NA,7.0,NA,NA,1.0,2.0,NA,NA,NA,NA,1.0,NA,NA,NA,NA,NA,NA,NA
2,80036,Alex Alves,290,3,7,2.8,2.8,6.17,1.17,False,290,293,16/05/2015,NA,3.0,NA,NA,NA,NA,NA,NA,NA,1.0,2.0,NA,1.0,NA,1.0,NA,NA,NA
2,68910,Anselmo,317,4,7,1.7,1.7,6.09,0.09,False,317,275,17/05/2015,1.0,NA,NA,NA,NA,NA,NA,NA,NA,1.0,1.0,NA,NA,NA,NA,NA,NA,NA
2,68817,Paulo Miranda,276,3,2,4.7,4.7,6.09,3.09,True,303,276,17/05/2015,NA,3.0,NA,NA,1.0,NA,NA,NA,NA,3.0,1.0,NA,NA,NA,NA,NA,NA,NA
2,71549,Kelvin,275,5,6,5.7,5.7,6.09,4.09,True,317,275,17/05/2015,2.0,1.0,1.0,NA,NA,NA,NA,NA,NA,NA,NA,NA,NA,NA,NA,NA,NA,NA
2,69048,Mazola,316,5,6,0.7,0.7,6.09,-0.91,False,316,267,17/05/2015,1.0,NA,NA,NA,NA,1.0,NA,NA,NA,NA,1.0,NA,NA,NA,NA,NA,NA,NA
2,91274,Marcelo Fernandes,277,6,7,1.68,1.68,6.08,0.08,False,277,283,17/05/2015,NA,NA,NA,NA,NA,NA,NA,NA,NA,NA,NA,NA,NA,NA,NA,NA,NA,NA
2,90917,Carlos,290,5,6,0.0,0.0,2.0,0.0,False,290,293,16/05/2015,NA,NA,NA,NA,NA,NA,NA,NA,NA,NA,NA,NA,NA,NA,NA,NA,NA,NA
2,88065,Jorge,262,2,6,0.0,0.0,2.0,0.0,False,262,292,17/05/2015,NA,NA,NA,NA,NA,NA,NA,NA,NA,NA,NA,NA,NA,NA,NA,NA,NA,NA
2,89816,Baiano,290,3,6,0.0,0.0,2.0,0.0,False,290,293,16/05/2015,NA,NA,NA,NA,NA,NA,NA,NA,NA,NA,NA,NA,NA,NA,NA,NA,NA,NA
2,91920,Henrique,316,3,7,1.5,1.5,1.98,0.98,False,316,267,17/05/2015,3.0,NA,NA,NA,NA,NA,NA,NA,NA,NA,NA,NA,NA,NA,NA,NA,NA,NA
2,83811,William Cordeiro,316,2,7,1.4,1.4,1.9,0.9,False,316,267,17/05/2015,1.0,1.0,NA,NA,NA,NA,NA,NA,NA,1.0,1.0,NA,NA,NA,NA,NA,NA,NA
2,87213,Pará,283,2,7,-0.7,-0.7,1.82,-1.18,True,277,283,17/05/2015,3.0,4.0,NA,NA,NA,NA,NA,NA,NA,NA,2.0,NA,NA,NA,NA,NA,NA,NA
2,51495,Tiago Alves,303,3,3,-5.8,-5.8,1.74,-6.26,False,303,276,17/05/2015,1.0,1.0,NA,NA,NA,NA,NA,NA,NA,NA,2.0,NA,NA,1.0,NA,NA,NA,NA
2,84554,Lucão,276,3,7,0.2,0.2,1.74,-0.26,True,303,276,17/05/2015,NA,5.0,NA,NA,NA,NA,NA,NA,NA,1.0,NA,NA,NA,NA,NA,NA,NA,NA
2,84887,Dener,316,4,7,-1.9,-1.9,1.66,-2.34,False,316,267,17/05/2015,NA,3.0,NA,NA,NA,NA,NA,NA,NA,NA,2.0,NA,NA,NA,NA,NA,NA,NA
2,63110,Alan Ruschel,285,2,7,-3.0,-3.0,1.58,-3.42,False,285,314,17/05/2015,2.0,NA,NA,NA,NA,NA,NA,NA,NA,NA,4.0,NA,1.0,NA,NA,NA,NA,NA
2,88916,Luan Polli ,316,1,7,1.0,1.0,1.58,0.58,False,316,267,17/05/2015,NA,NA,NA,NA,NA,NA,NA,NA,NA,NA,NA,NA,NA,NA,NA,3.0,NA,4.0
2,79042,Tiago ,282,3,7,0.0,0.0,1.58,-0.42,False,282,266,17/05/2015,NA,4.0,NA,NA,NA,NA,NA,NA,NA,1.0,1.0,NA,NA,NA,NA,NA,NA,NA
2,79193,Abuda,315,4,7,-2.3,-2.3,1.34,-2.66,True,264,315,16/05/2015,1.0,6.0,NA,NA,NA,NA,NA,NA,NA,NA,2.0,NA,NA,NA,NA,NA,NA,NA
2,38074,Ygor,290,4,7,-4.6,-4.6,1.11,-4.89,False,290,293,16/05/2015,2.0,2.0,NA,NA,NA,NA,NA,NA,NA,NA,6.0,NA,1.0,NA,NA,NA,NA,NA
2,42474,Eltinho,314,2,7,-2.7,-2.7,1.03,-2.97,True,285,314,17/05/2015,NA,4.0,NA,NA,1.0,NA,NA,NA,NA,NA,1.0,NA,1.0,NA,NA,NA,NA,NA
2,78445,Renê,292,2,7,-6.7,-6.7,1.03,-6.97,True,262,292,17/05/2015,1.0,8.0,NA,NA,NA,NA,NA,NA,NA,1.0,1.0,1.0,NA,NA,NA,NA,NA,NA
2,91128,Bruninho,266,5,6,0.0,0.0,1.0,0.0,True,282,266,17/05/2015,NA,NA,NA,NA,NA,NA,NA,NA,NA,NA,NA,NA,NA,NA,NA,NA,NA,NA
2,88848,Júnior,316,1,6,0.0,0.0,1.0,0.0,False,316,267,17/05/2015,NA,NA,NA,NA,NA,NA,NA,NA,NA,NA,NA,NA,NA,NA,NA,NA,NA,NA
2,91901,Kauê,303,4,6,0.0,0.0,1.0,0.0,False,303,276,17/05/2015,NA,NA,NA,NA,NA,NA,NA,NA,NA,NA,NA,NA,NA,NA,NA,NA,NA,NA
2,71818,Bruno Grassi,284,1,6,0.0,0.0,1.0,0.0,True,294,284,16/05/2015,NA,NA,NA,NA,NA,NA,NA,NA,NA,NA,NA,NA,NA,NA,NA,NA,NA,NA
2,87291,Danilo Pires,282,4,6,-0.8,-0.8,0.79,-0.21,False,282,266,17/05/2015,1.0,1.0,NA,NA,NA,NA,NA,NA,NA,NA,2.0,NA,NA,NA,NA,NA,NA,NA
2,78897,Naldo,317,4,3,-4.3,-4.3,0.79,-3.21,False,317,275,17/05/2015,NA,NA,NA,NA,NA,NA,NA,NA,NA,1.0,2.0,NA,NA,1.0,NA,NA,NA,NA
2,73620,Bruno Alves,316,3,3,-4.7,-4.7,0.79,-4.21,False,316,267,17/05/2015,1.0,3.0,NA,NA,NA,NA,NA,NA,NA,1.0,2.0,NA,NA,1.0,NA,NA,NA,NA
2,51779,Pedro Botelho,282,2,7,-2.1,-2.1,0.79,-1.21,False,282,266,17/05/2015,2.0,2.0,NA,NA,NA,NA,NA,NA,NA,NA,1.0,NA,1.0,NA,NA,NA,NA,NA
2,81121,Lucas Mugni,262,4,6,-2.3,-2.3,0.79,-2.21,False,262,292,17/05/2015,NA,1.0,NA,NA,NA,NA,NA,NA,NA,NA,NA,NA,1.0,NA,NA,NA,NA,NA
2,77556,Bruno,294,1,7,-4.0,-4.0,0.79,-2.21,False,294,284,16/05/2015,NA,NA,NA,NA,NA,NA,NA,NA,NA,NA,NA,NA,NA,NA,NA,NA,NA,2.0
2,71121,Wesley,290,5,7,-2.8,-2.8,0.79,-2.21,False,290,293,16/05/2015,2.0,1.0,NA,NA,NA,NA,NA,NA,NA,NA,3.0,NA,1.0,NA,NA,NA,NA,NA
2,91156,Jesiel,282,3,6,0.0,0.0,1.0,0.0,False,282,266,17/05/2015,NA,NA,NA,NA,NA,NA,NA,NA,NA,NA,NA,NA,NA,NA,NA,NA,NA,NA
2,90317,Matheus,317,1,6,0.0,0.0,1.0,0.0,False,317,275,17/05/2015,NA,NA,NA,NA,NA,NA,NA,NA,NA,NA,NA,NA,NA,NA,NA,NA,NA,NA
2,87229,Donato,282,3,6,0.0,0.0,1.0,0.0,False,282,266,17/05/2015,NA,NA,NA,NA,NA,NA,NA,NA,NA,NA,NA,NA,NA,NA,NA,NA,NA,NA
2,85418,Uilson,282,1,6,0.0,0.0,1.0,0.0,False,282,266,17/05/2015,NA,NA,NA,NA,NA,NA,NA,NA,NA,NA,NA,NA,NA,NA,NA,NA,NA,NA
2,87393,Gabriel,282,3,6,0.0,0.0,1.0,0.0,False,282,266,17/05/2015,NA,NA,NA,NA,NA,NA,NA,NA,NA,NA,NA,NA,NA,NA,NA,NA,NA,NA
2,82769,Alan,283,1,6,0.0,0.0,1.0,0.0,True,277,283,17/05/2015,NA,NA,NA,NA,NA,NA,NA,NA,NA,NA,NA,NA,NA,NA,NA,NA,NA,NA
2,85083,Vinícius Silvestre,275,1,6,0.0,0.0,1.0,0.0,True,317,275,17/05/2015,NA,NA,NA,NA,NA,NA,NA,NA,NA,NA,NA,NA,NA,NA,NA,NA,NA,NA
2,68907,Wellington,275,3,6,0.0,0.0,1.0,0.0,True,317,275,17/05/2015,NA,NA,NA,NA,NA,NA,NA,NA,NA,NA,NA,NA,NA,NA,NA,NA,NA,NA
2,86411,Breno,283,2,6,0.0,0.0,1.0,0.0,True,277,283,17/05/2015,NA,NA,NA,NA,NA,NA,NA,NA,NA,NA,NA,NA,NA,NA,NA,NA,NA,NA
2,79585,Jonatas Paulista,267,4,6,0.0,0.0,1.0,0.0,True,316,267,17/05/2015,NA,NA,NA,NA,NA,NA,NA,NA,NA,NA,NA,NA,NA,NA,NA,NA,NA,NA
2,87483,Matheus Índio,267,4,6,0.0,0.0,1.0,0.0,True,316,267,17/05/2015,NA,NA,NA,NA,NA,NA,NA,NA,NA,NA,NA,NA,NA,NA,NA,NA,NA,NA
2,88233,Marquinhos,267,5,6,0.0,0.0,1.0,0.0,True,316,267,17/05/2015,NA,NA,NA,NA,NA,NA,NA,NA,NA,NA,NA,NA,NA,NA,NA,NA,NA,NA
2,82510,Romarinho,267,5,6,0.0,0.0,1.0,0.0,True,316,267,17/05/2015,NA,NA,NA,NA,NA,NA,NA,NA,NA,NA,NA,NA,NA,NA,NA,NA,NA,NA
2,90332,Gabriel Silva,284,3,6,0.0,0.0,1.0,0.0,True,294,284,16/05/2015,NA,NA,NA,NA,NA,NA,NA,NA,NA,NA,NA,NA,NA,NA,NA,NA,NA,NA
2,79401,Paulo Otávio,294,2,6,0.0,0.0,1.0,0.0,False,294,284,16/05/2015,NA,NA,NA,NA,NA,NA,NA,NA,NA,NA,NA,NA,NA,NA,NA,NA,NA,NA
2,86760,Lucas Macanhan,293,1,6,0.0,0.0,1.0,0.0,True,290,293,16/05/2015,NA,NA,NA,NA,NA,NA,NA,NA,NA,NA,NA,NA,NA,NA,NA,NA,NA,NA
2,80276,Alexandre Cajuru,293,1,6,0.0,0.0,1.0,0.0,True,290,293,16/05/2015,NA,NA,NA,NA,NA,NA,NA,NA,NA,NA,NA,NA,NA,NA,NA,NA,NA,NA
2,91687,João Pedro,293,4,6,0.0,0.0,1.0,0.0,True,290,293,16/05/2015,NA,NA,NA,NA,NA,NA,NA,NA,NA,NA,NA,NA,NA,NA,NA,NA,NA,NA
2,78248,Gustavo Henrique,277,3,3,-6.6,-6.6,0.79,-5.21,False,277,283,17/05/2015,NA,2.0,NA,NA,NA,NA,NA,NA,NA,NA,2.0,NA,NA,1.0,NA,NA,NA,NA
2,91917,Silva,285,4,7,-1.2,-1.2,0.79,-0.21,False,285,314,17/05/2015,1.0,3.0,NA,NA,NA,NA,NA,NA,NA,1.0,1.0,NA,1.0,NA,NA,NA,NA,NA
2,78422,Oswaldo,292,3,7,-0.6,-0.6,2.69,-1.31,True,262,292,17/05/2015,NA,1.0,NA,NA,NA,1.0,NA,NA,NA,NA,2.0,NA,NA,NA,NA,NA,NA,NA
2,39042,Hélio Dos Anjos,290,6,7,1.15,1.15,2.49,0.49,False,290,293,16/05/2015,NA,NA,NA,NA,NA,NA,NA,NA,NA,NA,NA,NA,NA,NA,NA,NA,NA,NA
2,90481,Alisson Farias,285,4,6,1.1,1.1,2.45,0.45,False,285,314,17/05/2015,1.0,2.0,NA,NA,1.0,1.0,NA,NA,NA,NA,1.0,NA,NA,NA,NA,NA,NA,NA
2,84997,Paulo,290,5,6,0.0,0.0,2.37,-0.63,False,290,293,16/05/2015,NA,NA,NA,NA,NA,NA,NA,NA,NA,NA,NA,NA,NA,NA,NA,NA,NA,NA
2,61106,Cicinho,277,2,6,-2.0,-2.0,2.37,-2.63,False,277,283,17/05/2015,NA,NA,NA,NA,NA,NA,NA,NA,NA,NA,NA,NA,1.0,NA,NA,NA,NA,NA
2,79339,Dankler,317,3,6,0.0,0.0,2.37,-0.63,False,317,275,17/05/2015,NA,NA,NA,NA,NA,NA,NA,NA,NA,NA,NA,NA,NA,NA,NA,NA,NA,NA
2,91575,Mateus Oliveira,294,5,6,0.0,0.0,2.37,-0.63,False,294,284,16/05/2015,NA,NA,NA,NA,NA,NA,NA,NA,NA,NA,NA,NA,NA,NA,NA,NA,NA,NA
2,62971,Nirley,316,3,7,-2.1,-2.1,2.29,-2.71,False,316,267,17/05/2015,1.0,1.0,NA,NA,NA,NA,NA,NA,NA,1.0,4.0,NA,1.0,NA,NA,NA,NA,NA
2,91772,Deivid Duarte,290,3,6,0.0,0.0,2.0,0.0,False,290,293,16/05/2015,NA,NA,NA,NA,NA,NA,NA,NA,NA,NA,NA,NA,NA,NA,NA,NA,NA,NA
2,91761,Juninho,314,4,6,0.0,0.0,2.0,0.0,True,285,314,17/05/2015,NA,NA,NA,NA,NA,NA,NA,NA,NA,NA,NA,NA,NA,NA,NA,NA,NA,NA
2,87742,Neto,292,4,5,0.0,0.0,2.0,0.0,True,262,292,17/05/2015,NA,NA,NA,NA,NA,NA,NA,NA,NA,NA,NA,NA,NA,NA,NA,NA,NA,NA
2,77895,Emerson Conceição,282,2,6,0.0,0.0,2.0,0.0,False,282,266,17/05/2015,NA,NA,NA,NA,NA,NA,NA,NA,NA,NA,NA,NA,NA,NA,NA,NA,NA,NA
2,86771,Luiz Paulo ,293,2,6,0.0,0.0,2.0,0.0,True,290,293,16/05/2015,NA,NA,NA,NA,NA,NA,NA,NA,NA,NA,NA,NA,NA,NA,NA,NA,NA,NA
2,82680,Nathan Índio,303,4,6,0.0,0.0,2.0,0.0,False,303,276,17/05/2015,NA,NA,NA,NA,NA,NA,NA,NA,NA,NA,NA,NA,NA,NA,NA,NA,NA,NA
2,80381,Cesinha,303,5,6,0.0,0.0,2.0,0.0,False,303,276,17/05/2015,NA,NA,NA,NA,NA,NA,NA,NA,NA,NA,NA,NA,NA,NA,NA,NA,NA,NA
2,82459,Rafael Zuchi,293,3,6,0.0,0.0,2.0,0.0,True,290,293,16/05/2015,NA,NA,NA,NA,NA,NA,NA,NA,NA,NA,NA,NA,NA,NA,NA,NA,NA,NA
2,72490,Fred,290,3,6,0.0,0.0,2.0,0.0,False,290,293,16/05/2015,NA,NA,NA,NA,NA,NA,NA,NA,NA,NA,NA,NA,NA,NA,NA,NA,NA,NA
2,88866,Juninho,275,4,6,0.0,0.0,2.0,0.0,True,317,275,17/05/2015,NA,NA,NA,NA,NA,NA,NA,NA,NA,NA,NA,NA,NA,NA,NA,NA,NA,NA
2,68932,Renan Ribeiro,276,1,6,0.0,0.0,2.0,0.0,True,303,276,17/05/2015,NA,NA,NA,NA,NA,NA,NA,NA,NA,NA,NA,NA,NA,NA,NA,NA,NA,NA
2,91495,Arancibia,275,4,6,0.0,0.0,2.0,0.0,True,317,275,17/05/2015,NA,NA,NA,NA,NA,NA,NA,NA,NA,NA,NA,NA,NA,NA,NA,NA,NA,NA
2,70132,Alan Santos,294,4,5,0.0,0.0,8.0,0.0,False,294,284,16/05/2015,NA,NA,NA,NA,NA,NA,NA,NA,NA,NA,NA,NA,NA,NA,NA,NA,NA,NA
2,80281,Cleberson,293,3,5,0.0,0.0,8.0,0.0,True,290,293,16/05/2015,NA,NA,NA,NA,NA,NA,NA,NA,NA,NA,NA,NA,NA,NA,NA,NA,NA,NA
2,72943,Luís Cáceres,294,4,6,0.0,0.0,8.0,0.0,False,294,284,16/05/2015,NA,NA,NA,NA,NA,NA,NA,NA,NA,NA,NA,NA,NA,NA,NA,NA,NA,NA
2,77579,Dellatorre,293,5,6,0.0,0.0,8.0,0.0,True,290,293,16/05/2015,NA,NA,NA,NA,NA,NA,NA,NA,NA,NA,NA,NA,NA,NA,NA,NA,NA,NA
2,38194,Antônio Carlos,266,3,6,0.0,0.0,8.0,0.0,True,282,266,17/05/2015,NA,NA,NA,NA,NA,NA,NA,NA,NA,NA,NA,NA,NA,NA,NA,NA,NA,NA
2,73375,Felipe,264,3,6,0.0,0.0,8.0,0.0,False,264,315,16/05/2015,NA,NA,NA,NA,NA,NA,NA,NA,NA,NA,NA,NA,NA,NA,NA,NA,NA,NA
2,81845,Alisson,283,5,5,0.0,0.0,8.0,0.0,True,277,283,17/05/2015,NA,NA,NA,NA,NA,NA,NA,NA,NA,NA,NA,NA,NA,NA,NA,NA,NA,NA
2,78715,Ramiro,284,4,5,0.0,0.0,8.0,0.0,True,294,284,16/05/2015,NA,NA,NA,NA,NA,NA,NA,NA,NA,NA,NA,NA,NA,NA,NA,NA,NA,NA
2,72099,Wiliam Barbio,315,5,6,0.0,0.0,8.0,0.0,True,264,315,16/05/2015,NA,NA,NA,NA,NA,NA,NA,NA,NA,NA,NA,NA,NA,NA,NA,NA,NA,NA
2,49651,Ernando,285,3,6,0.0,0.0,8.0,0.0,False,285,314,17/05/2015,NA,NA,NA,NA,NA,NA,NA,NA,NA,NA,NA,NA,NA,NA,NA,NA,NA,NA
2,69099,Seymour,283,4,6,0.0,0.0,8.0,0.0,True,277,283,17/05/2015,NA,NA,NA,NA,NA,NA,NA,NA,NA,NA,NA,NA,NA,NA,NA,NA,NA,NA
2,51705,Bruno Rodrigo,283,3,7,1.1,1.1,7.99,-1.01,True,277,283,17/05/2015,NA,2.0,NA,NA,NA,NA,NA,NA,NA,1.0,NA,NA,NA,NA,NA,NA,NA,NA
2,51681,Hélder,294,4,7,3.1,3.1,7.99,0.99,False,294,284,16/05/2015,2.0,2.0,NA,1.0,1.0,NA,NA,NA,NA,1.0,3.0,NA,1.0,NA,NA,NA,NA,NA
2,72389,Mike,292,5,6,4.0,4.0,7.91,1.91,True,262,292,17/05/2015,NA,NA,1.0,NA,NA,NA,NA,NA,NA,NA,2.0,NA,NA,NA,NA,NA,NA,NA
2,68711,Chiquinho,277,2,7,-1.0,-1.0,7.91,-3.09,False,277,283,17/05/2015,4.0,5.0,NA,NA,NA,NA,NA,NA,NA,NA,3.0,NA,NA,NA,NA,NA,NA,NA
2,80853,Pedro Geromel,284,3,7,-0.3,-0.3,7.67,-2.33,True,294,284,16/05/2015,1.0,1.0,NA,NA,NA,NA,NA,1.0,NA,NA,NA,NA,NA,NA,NA,NA,NA,NA
2,80583,Lucas Lima,277,4,7,4.5,4.5,7.51,2.51,False,277,283,17/05/2015,2.0,11.0,NA,NA,NA,NA,NA,NA,NA,4.0,NA,NA,NA,NA,NA,NA,NA,NA
2,37245,Guto Ferreira,303,6,7,5.47,5.47,7.49,3.49,False,303,276,17/05/2015,NA,NA,NA,NA,NA,NA,NA,NA,NA,NA,NA,NA,NA,NA,NA,NA,NA,NA
2,82469,Douglas Coutinho ,293,5,2,0.4,0.4,7.44,-1.56,True,290,293,16/05/2015,NA,1.0,NA,NA,NA,NA,NA,NA,NA,1.0,2.0,NA,NA,NA,NA,NA,NA,NA
2,50417,Valencia,277,4,7,4.3,4.3,7.36,2.36,False,277,283,17/05/2015,1.0,1.0,NA,NA,NA,NA,NA,NA,NA,3.0,2.0,NA,NA,NA,NA,NA,NA,NA
2,38287,Roger,315,5,7,8.6,8.6,13.92,4.92,True,264,315,16/05/2015,3.0,3.0,NA,NA,2.0,NA,1.0,2.0,NA,NA,2.0,NA,NA,NA,NA,NA,NA,NA
2,37899,Renan,290,1,7,5.5,5.5,13.84,1.84,False,290,293,16/05/2015,1.0,NA,NA,NA,NA,NA,NA,NA,NA,NA,NA,NA,NA,NA,1.0,NA,NA,NA
2,62104,Robinho,275,4,7,0.3,0.3,13.68,-3.32,True,317,275,17/05/2015,NA,2.0,NA,NA,1.0,1.0,NA,NA,NA,1.0,1.0,NA,1.0,NA,NA,NA,NA,NA
2,78946,Dória,276,3,7,0.2,0.2,13.6,-3.4,True,303,276,17/05/2015,1.0,5.0,NA,NA,NA,NA,NA,NA,NA,1.0,1.0,NA,NA,NA,NA,NA,NA,NA
2,37613,Dagoberto,267,5,7,-1.9,-1.9,13.53,-5.47,True,316,267,17/05/2015,4.0,3.0,NA,NA,NA,NA,NA,NA,NA,NA,2.0,NA,1.0,NA,NA,NA,NA,NA
2,68834,Rithely,292,4,7,1.0,1.0,13.45,-2.55,True,262,292,17/05/2015,NA,3.0,NA,NA,NA,NA,NA,NA,NA,2.0,3.0,NA,NA,NA,NA,NA,NA,NA
2,86264,Natanael,293,2,7,8.9,8.9,13.37,5.37,True,290,293,16/05/2015,2.0,NA,NA,NA,NA,NA,NA,NA,NA,2.0,1.0,NA,NA,NA,1.0,NA,NA,NA
2,38908,Renato,277,4,7,2.8,2.8,13.29,-0.71,False,277,283,17/05/2015,NA,2.0,NA,NA,NA,NA,NA,NA,NA,2.0,NA,NA,NA,NA,NA,NA,NA,NA
2,78605,Gabriel,275,4,7,3.7,3.7,13.21,0.21,True,317,275,17/05/2015,2.0,2.0,NA,NA,NA,NA,NA,NA,NA,4.0,3.0,NA,1.0,NA,NA,NA,NA,NA
2,62136,Marcelo Oliveira,283,6,7,0.64,0.64,13.16,-2.84,True,277,283,17/05/2015,NA,NA,NA,NA,NA,NA,NA,NA,NA,NA,NA,NA,NA,NA,NA,NA,NA,NA
2,38394,Thiago Heleno,316,3,6,0.0,0.0,13.0,0.0,False,316,267,17/05/2015,NA,NA,NA,NA,NA,NA,NA,NA,NA,NA,NA,NA,NA,NA,NA,NA,NA,NA
2,37917,Elano,277,4,5,0.0,0.0,13.0,0.0,False,277,283,17/05/2015,NA,NA,NA,NA,NA,NA,NA,NA,NA,NA,NA,NA,NA,NA,NA,NA,NA,NA
2,72386,Hernane,292,5,6,0.0,0.0,13.0,0.0,True,262,292,17/05/2015,NA,NA,NA,NA,NA,NA,NA,NA,NA,NA,NA,NA,NA,NA,NA,NA,NA,NA
2,38229,Fábio Santos,264,2,6,0.0,0.0,13.0,0.0,False,264,315,16/05/2015,NA,NA,NA,NA,NA,NA,NA,NA,NA,NA,NA,NA,NA,NA,NA,NA,NA,NA
2,68929,Thiago Ribeiro,282,5,6,0.0,0.0,13.0,0.0,False,282,266,17/05/2015,NA,NA,NA,NA,NA,NA,NA,NA,NA,NA,NA,NA,NA,NA,NA,NA,NA,NA
2,49674,Fabrício,283,2,6,0.0,0.0,13.0,0.0,True,277,283,17/05/2015,NA,NA,NA,NA,NA,NA,NA,NA,NA,NA,NA,NA,NA,NA,NA,NA,NA,NA
2,70163,Milton Cruz,276,6,7,3.41,3.41,12.98,-0.02,True,303,276,17/05/2015,NA,NA,NA,NA,NA,NA,NA,NA,NA,NA,NA,NA,NA,NA,NA,NA,NA,NA
2,40025,Levir Culpi,282,6,7,2.32,2.32,12.91,-1.09,False,282,266,17/05/2015,NA,NA,NA,NA,NA,NA,NA,NA,NA,NA,NA,NA,NA,NA,NA,NA,NA,NA
2,68958,Wallace,262,3,7,5.3,5.3,12.89,1.89,False,262,292,17/05/2015,NA,1.0,NA,NA,1.0,NA,NA,NA,NA,3.0,1.0,NA,NA,NA,NA,NA,NA,NA
2,51548,Giuliano,284,4,7,-1.7,-1.7,12.89,-5.11,True,294,284,16/05/2015,NA,4.0,NA,NA,NA,NA,NA,NA,NA,NA,1.0,NA,NA,NA,NA,NA,NA,NA
2,80949,Biro Biro,303,5,7,0.1,0.1,8.78,-2.22,False,303,276,17/05/2015,NA,6.0,NA,NA,1.0,NA,NA,NA,NA,2.0,1.0,NA,1.0,NA,NA,NA,NA,NA
2,88479,Walace,284,4,7,2.1,2.1,8.78,-0.22,True,294,284,16/05/2015,2.0,1.0,NA,NA,NA,NA,NA,NA,NA,2.0,NA,NA,1.0,NA,NA,NA,NA,NA
2,38021,Wendel,292,4,7,2.1,2.1,8.78,-0.22,True,262,292,17/05/2015,2.0,1.0,NA,NA,NA,1.0,NA,NA,NA,1.0,2.0,NA,NA,NA,NA,NA,NA,NA
2,50361,Rafael Lima,315,3,7,5.0,5.0,8.7,2.7,True,264,315,16/05/2015,NA,3.0,1.0,NA,NA,NA,NA,1.0,NA,2.0,NA,NA,1.0,NA,NA,NA,NA,NA
2,86486,Milton Mendes,293,6,7,5.96,5.96,8.67,3.67,True,290,293,16/05/2015,NA,NA,NA,NA,NA,NA,NA,NA,NA,NA,NA,NA,NA,NA,NA,NA,NA,NA
2,62086,Pará,262,2,7,2.8,2.8,8.54,0.54,False,262,292,17/05/2015,2.0,2.0,NA,NA,NA,NA,NA,NA,NA,2.0,2.0,NA,NA,NA,NA,NA,NA,NA
2,38196,Maicon,284,4,7,-1.5,-1.5,8.31,-3.69,True,294,284,16/05/2015,1.0,4.0,NA,NA,NA,NA,NA,NA,NA,1.0,5.0,NA,NA,NA,NA,NA,NA,NA
2,37674,Wagner,266,4,6,-1.6,-1.6,8.23,-3.77,True,282,266,17/05/2015,NA,1.0,NA,NA,NA,NA,NA,NA,NA,1.0,2.0,NA,1.0,NA,NA,NA,NA,NA
2,69014,Manoel,283,3,7,0.2,0.2,8.07,-1.93,True,277,283,17/05/2015,2.0,1.0,NA,NA,NA,NA,NA,NA,NA,NA,1.0,NA,NA,NA,NA,NA,NA,NA
2,60825,Felipe Azevedo,303,5,6,0.2,0.2,8.07,-1.93,False,303,276,17/05/2015,1.0,1.0,NA,NA,NA,NA,NA,NA,NA,NA,NA,NA,NA,NA,NA,NA,NA,NA
2,37840,Gustavo,293,3,7,4.2,4.2,8.07,2.07,True,290,293,16/05/2015,NA,1.0,NA,NA,NA,NA,NA,NA,NA,NA,1.0,NA,NA,NA,1.0,NA,NA,NA
2,79343,Doriva,267,6,7,3.14,3.14,8.02,1.02,True,316,267,17/05/2015,NA,NA,NA,NA,NA,NA,NA,NA,NA,NA,NA,NA,NA,NA,NA,NA,NA,NA
2,37652,Carlos Alberto,316,4,6,0.0,0.0,8.0,0.0,False,316,267,17/05/2015,NA,NA,NA,NA,NA,NA,NA,NA,NA,NA,NA,NA,NA,NA,NA,NA,NA,NA
2,84318,Samir ,262,3,6,0.0,0.0,8.0,0.0,False,262,292,17/05/2015,NA,NA,NA,NA,NA,NA,NA,NA,NA,NA,NA,NA,NA,NA,NA,NA,NA,NA
2,41387,Eduardo Costa,314,4,6,0.0,0.0,8.0,0.0,True,285,314,17/05/2015,NA,NA,NA,NA,NA,NA,NA,NA,NA,NA,NA,NA,NA,NA,NA,NA,NA,NA
2,38515,Marquinhos,316,3,6,0.0,0.0,8.0,0.0,False,316,267,17/05/2015,NA,NA,NA,NA,NA,NA,NA,NA,NA,NA,NA,NA,NA,NA,NA,NA,NA,NA
2,73910,Tobio,275,3,6,0.0,0.0,8.0,0.0,True,317,275,17/05/2015,NA,NA,NA,NA,NA,NA,NA,NA,NA,NA,NA,NA,NA,NA,NA,NA,NA,NA
2,84585,Allione,275,4,5,0.0,0.0,8.0,0.0,True,317,275,17/05/2015,NA,NA,NA,NA,NA,NA,NA,NA,NA,NA,NA,NA,NA,NA,NA,NA,NA,NA
2,62119,Tiago Luis,317,5,5,0.0,0.0,8.0,0.0,False,317,275,17/05/2015,NA,NA,NA,NA,NA,NA,NA,NA,NA,NA,NA,NA,NA,NA,NA,NA,NA,NA
2,71381,Ruan,290,5,6,0.0,0.0,8.0,0.0,False,290,293,16/05/2015,NA,NA,NA,NA,NA,NA,NA,NA,NA,NA,NA,NA,NA,NA,NA,NA,NA,NA
2,38910,Ricardo Oliveira,277,5,7,0.2,0.2,21.51,-5.49,False,277,283,17/05/2015,NA,3.0,NA,NA,1.0,3.0,NA,3.0,NA,NA,1.0,NA,NA,NA,NA,NA,NA,NA
2,37919,Luis Fabiano,276,5,7,8.1,8.1,21.44,2.44,True,303,276,17/05/2015,1.0,2.0,NA,NA,1.0,1.0,1.0,NA,NA,NA,3.0,NA,NA,NA,NA,NA,NA,NA
2,52950,Victor,282,1,7,-1.9,-1.9,20.64,-7.36,False,282,266,17/05/2015,NA,3.0,NA,NA,NA,NA,NA,NA,NA,NA,NA,NA,NA,NA,NA,1.0,NA,2.0
2,80538,Marlon,266,3,7,11.7,11.7,20.33,6.33,True,282,266,17/05/2015,NA,NA,1.0,NA,NA,NA,NA,NA,NA,1.0,NA,NA,NA,NA,1.0,NA,NA,NA
2,38150,Marquinhos,314,4,7,12.6,12.6,20.25,7.25,True,285,314,17/05/2015,1.0,6.0,NA,1.0,NA,1.0,1.0,NA,NA,1.0,NA,NA,NA,NA,NA,NA,NA,NA
2,37644,Rodrigo,267,3,7,6.7,6.7,19.54,1.54,True,316,267,17/05/2015,1.0,4.0,NA,NA,NA,NA,NA,NA,NA,2.0,2.0,NA,NA,NA,1.0,NA,NA,NA
2,50533,Guiñazu,267,4,7,3.5,3.5,19.38,-1.62,True,316,267,17/05/2015,NA,2.0,NA,NA,NA,NA,NA,NA,NA,3.0,2.0,NA,NA,NA,NA,NA,NA,NA
2,42116,Willian,283,5,7,5.4,5.4,19.3,0.3,True,277,283,17/05/2015,4.0,3.0,NA,NA,1.0,2.0,NA,1.0,NA,2.0,2.0,NA,NA,NA,NA,NA,NA,NA
2,62047,Jean,266,4,7,4.2,4.2,19.14,-0.86,True,282,266,17/05/2015,NA,NA,NA,NA,3.0,NA,NA,NA,NA,1.0,1.0,NA,NA,NA,NA,NA,NA,NA
2,62977,Ganso,276,4,6,4.2,4.2,19.14,-0.86,True,303,276,17/05/2015,1.0,4.0,1.0,NA,NA,NA,NA,NA,NA,2.0,3.0,NA,1.0,NA,NA,NA,NA,NA
2,37941,Borges,303,5,6,0.0,0.0,19.0,0.0,False,303,276,17/05/2015,NA,NA,NA,NA,NA,NA,NA,NA,NA,NA,NA,NA,NA,NA,NA,NA,NA,NA
2,69325,Aránguiz,285,4,6,0.0,0.0,19.0,0.0,False,285,314,17/05/2015,NA,NA,NA,NA,NA,NA,NA,NA,NA,NA,NA,NA,NA,NA,NA,NA,NA,NA
2,60803,Souza,276,4,6,6.0,6.0,18.98,0.98,True,303,276,17/05/2015,3.0,1.0,NA,NA,NA,2.0,NA,NA,NA,2.0,NA,NA,NA,NA,NA,NA,NA,NA
2,73635,Rildo,303,5,7,7.8,7.8,18.83,2.83,False,303,276,17/05/2015,4.0,3.0,NA,NA,NA,NA,1.0,NA,NA,1.0,2.0,NA,1.0,NA,NA,NA,NA,NA
2,68920,Dudu,275,5,7,-0.2,-0.2,18.03,-4.97,True,317,275,17/05/2015,1.0,3.0,NA,NA,NA,1.0,NA,1.0,NA,NA,NA,NA,NA,NA,NA,NA,NA,NA
2,38957,Rafael Marques,275,5,7,7.8,7.8,18.03,3.03,True,317,275,17/05/2015,1.0,4.0,NA,NA,1.0,NA,1.0,NA,NA,NA,1.0,NA,NA,NA,NA,NA,NA,NA
2,38315,Jadson,264,4,6,0.0,0.0,18.0,0.0,False,264,315,16/05/2015,NA,NA,NA,NA,NA,NA,NA,NA,NA,NA,NA,NA,NA,NA,NA,NA,NA,NA
2,38530,Cleiton Xavier,275,4,5,0.0,0.0,18.0,0.0,True,317,275,17/05/2015,NA,NA,NA,NA,NA,NA,NA,NA,NA,NA,NA,NA,NA,NA,NA,NA,NA,NA
2,69240,Dátolo,282,4,6,0.0,0.0,18.0,0.0,False,282,266,17/05/2015,NA,NA,NA,NA,NA,NA,NA,NA,NA,NA,NA,NA,NA,NA,NA,NA,NA,NA
2,54424,Willians,283,4,7,4.6,4.6,17.88,-0.12,True,277,283,17/05/2015,1.0,3.0,NA,NA,NA,NA,NA,NA,NA,5.0,3.0,NA,1.0,NA,NA,NA,NA,NA
2,62120,Trípodi,317,5,6,0.0,0.0,3.0,0.0,False,317,275,17/05/2015,NA,NA,NA,NA,NA,NA,NA,NA,NA,NA,NA,NA,NA,NA,NA,NA,NA,NA
2,91264,Matheus Sávio,262,5,6,0.0,0.0,3.0,0.0,False,262,292,17/05/2015,NA,NA,NA,NA,NA,NA,NA,NA,NA,NA,NA,NA,NA,NA,NA,NA,NA,NA
2,68979,Giovanni,282,1,6,0.0,0.0,3.0,0.0,False,282,266,17/05/2015,NA,NA,NA,NA,NA,NA,NA,NA,NA,NA,NA,NA,NA,NA,NA,NA,NA,NA
2,71724,Agenor,317,1,6,0.0,0.0,3.0,0.0,False,317,275,17/05/2015,NA,NA,NA,NA,NA,NA,NA,NA,NA,NA,NA,NA,NA,NA,NA,NA,NA,NA
2,90321,Kadu,317,4,6,0.0,0.0,3.0,0.0,False,317,275,17/05/2015,NA,NA,NA,NA,NA,NA,NA,NA,NA,NA,NA,NA,NA,NA,NA,NA,NA,NA
2,91714,Marciel,264,4,6,0.0,0.0,3.0,0.0,False,264,315,16/05/2015,NA,NA,NA,NA,NA,NA,NA,NA,NA,NA,NA,NA,NA,NA,NA,NA,NA,NA
2,84707,Jonatan Lucca,293,4,6,0.0,0.0,3.0,0.0,True,290,293,16/05/2015,NA,NA,NA,NA,NA,NA,NA,NA,NA,NA,NA,NA,NA,NA,NA,NA,NA,NA
2,86189,Mosquito,267,5,6,0.0,0.0,3.0,0.0,True,316,267,17/05/2015,NA,NA,NA,NA,NA,NA,NA,NA,NA,NA,NA,NA,NA,NA,NA,NA,NA,NA
2,80975,Romário ,314,2,6,0.0,0.0,3.0,0.0,True,285,314,17/05/2015,NA,NA,NA,NA,NA,NA,NA,NA,NA,NA,NA,NA,NA,NA,NA,NA,NA,NA
2,87401,Eurico,283,4,6,0.0,0.0,3.0,0.0,True,277,283,17/05/2015,NA,NA,NA,NA,NA,NA,NA,NA,NA,NA,NA,NA,NA,NA,NA,NA,NA,NA
2,69041,Muriel,285,1,6,0.0,0.0,3.0,0.0,False,285,314,17/05/2015,NA,NA,NA,NA,NA,NA,NA,NA,NA,NA,NA,NA,NA,NA,NA,NA,NA,NA
2,89930,Andrigo,285,4,6,0.0,0.0,3.0,0.0,False,285,314,17/05/2015,NA,NA,NA,NA,NA,NA,NA,NA,NA,NA,NA,NA,NA,NA,NA,NA,NA,NA
2,87999,Gustavo Scarpa,266,4,6,0.0,0.0,3.0,0.0,True,282,266,17/05/2015,NA,NA,NA,NA,NA,NA,NA,NA,NA,NA,NA,NA,NA,NA,NA,NA,NA,NA
2,61986,Aislan,267,3,6,0.0,0.0,3.0,0.0,True,316,267,17/05/2015,NA,NA,NA,NA,NA,NA,NA,NA,NA,NA,NA,NA,NA,NA,NA,NA,NA,NA
2,83511,Érico Júnior,292,5,6,0.0,0.0,3.0,0.0,True,262,292,17/05/2015,NA,NA,NA,NA,NA,NA,NA,NA,NA,NA,NA,NA,NA,NA,NA,NA,NA,NA
2,68884,Klever,266,1,6,0.0,0.0,3.0,0.0,True,282,266,17/05/2015,NA,NA,NA,NA,NA,NA,NA,NA,NA,NA,NA,NA,NA,NA,NA,NA,NA,NA
2,73721,Marcos Vinícius,283,4,5,0.0,0.0,3.0,0.0,True,277,283,17/05/2015,NA,NA,NA,NA,NA,NA,NA,NA,NA,NA,NA,NA,NA,NA,NA,NA,NA,NA
2,62976,Everton Silva,314,2,6,-0.5,-0.5,2.77,-1.23,True,285,314,17/05/2015,NA,NA,NA,NA,NA,NA,NA,1.0,NA,NA,NA,NA,NA,NA,NA,NA,NA,NA
2,89190,Judivan ,283,5,6,-0.5,-0.5,2.77,-1.23,True,277,283,17/05/2015,NA,NA,NA,NA,NA,NA,NA,1.0,NA,NA,NA,NA,NA,NA,NA,NA,NA,NA
2,80552,Marquinhos Pedroso,316,2,7,0.4,0.4,2.69,-0.31,False,316,267,17/05/2015,3.0,1.0,NA,NA,NA,NA,NA,NA,NA,1.0,1.0,NA,1.0,NA,NA,NA,NA,NA
2,87611,Tiago,284,1,6,0.0,0.0,3.0,0.0,True,294,284,16/05/2015,NA,NA,NA,NA,NA,NA,NA,NA,NA,NA,NA,NA,NA,NA,NA,NA,NA,NA
2,89343,Júnior,284,2,6,0.0,0.0,3.0,0.0,True,294,284,16/05/2015,NA,NA,NA,NA,NA,NA,NA,NA,NA,NA,NA,NA,NA,NA,NA,NA,NA,NA
2,83772,Neilton,283,5,6,0.0,0.0,3.0,0.0,True,277,283,17/05/2015,NA,NA,NA,NA,NA,NA,NA,NA,NA,NA,NA,NA,NA,NA,NA,NA,NA,NA
2,91323,Luccas Barreto,294,4,6,0.0,0.0,3.0,0.0,False,294,284,16/05/2015,NA,NA,NA,NA,NA,NA,NA,NA,NA,NA,NA,NA,NA,NA,NA,NA,NA,NA
2,69047,Paulo Roberto,316,4,6,0.0,0.0,3.0,0.0,False,316,267,17/05/2015,NA,NA,NA,NA,NA,NA,NA,NA,NA,NA,NA,NA,NA,NA,NA,NA,NA,NA
2,89904,Rafael Furlan,317,5,5,0.0,0.0,3.0,0.0,False,317,275,17/05/2015,NA,NA,NA,NA,NA,NA,NA,NA,NA,NA,NA,NA,NA,NA,NA,NA,NA,NA
2,62107,Rudnei,314,4,6,0.0,0.0,3.0,0.0,True,285,314,17/05/2015,NA,NA,NA,NA,NA,NA,NA,NA,NA,NA,NA,NA,NA,NA,NA,NA,NA,NA
2,69012,Santos,293,1,6,0.0,0.0,3.0,0.0,True,290,293,16/05/2015,NA,NA,NA,NA,NA,NA,NA,NA,NA,NA,NA,NA,NA,NA,NA,NA,NA,NA
2,90406,Crysan,293,5,2,0.0,0.0,3.0,0.0,True,290,293,16/05/2015,NA,NA,NA,NA,NA,NA,NA,NA,NA,NA,NA,NA,NA,NA,NA,NA,NA,NA
2,82466,Bruno Pelissari,293,4,6,0.0,0.0,3.0,0.0,True,290,293,16/05/2015,NA,NA,NA,NA,NA,NA,NA,NA,NA,NA,NA,NA,NA,NA,NA,NA,NA,NA
2,70951,Fabio,275,1,6,0.0,0.0,3.0,0.0,True,317,275,17/05/2015,NA,NA,NA,NA,NA,NA,NA,NA,NA,NA,NA,NA,NA,NA,NA,NA,NA,NA
2,72334,Ayrton,275,2,6,0.0,0.0,3.0,0.0,True,317,275,17/05/2015,NA,NA,NA,NA,NA,NA,NA,NA,NA,NA,NA,NA,NA,NA,NA,NA,NA,NA
2,80721,Ryder,275,4,6,0.0,0.0,3.0,0.0,True,317,275,17/05/2015,NA,NA,NA,NA,NA,NA,NA,NA,NA,NA,NA,NA,NA,NA,NA,NA,NA,NA
2,73769,Guilherme Batata,293,4,6,0.0,0.0,3.0,0.0,True,290,293,16/05/2015,NA,NA,NA,NA,NA,NA,NA,NA,NA,NA,NA,NA,NA,NA,NA,NA,NA,NA
2,73384,Samuel Xavier,292,2,6,0.0,0.0,3.0,0.0,True,262,292,17/05/2015,NA,NA,NA,NA,NA,NA,NA,NA,NA,NA,NA,NA,NA,NA,NA,NA,NA,NA
2,61211,Carlos Cesar,282,2,6,0.0,0.0,3.0,0.0,False,282,266,17/05/2015,NA,NA,NA,NA,NA,NA,NA,NA,NA,NA,NA,NA,NA,NA,NA,NA,NA,NA
2,87399,Mário Sérgio,317,2,6,0.0,0.0,3.0,0.0,False,317,275,17/05/2015,NA,NA,NA,NA,NA,NA,NA,NA,NA,NA,NA,NA,NA,NA,NA,NA,NA,NA
2,63096,Maicon Talhetti,316,4,6,0.0,0.0,3.0,0.0,False,316,267,17/05/2015,NA,NA,NA,NA,NA,NA,NA,NA,NA,NA,NA,NA,NA,NA,NA,NA,NA,NA
2,84851,Lucas Cândido,282,4,5,0.0,0.0,3.0,0.0,False,282,266,17/05/2015,NA,NA,NA,NA,NA,NA,NA,NA,NA,NA,NA,NA,NA,NA,NA,NA,NA,NA
2,51299,Emerson,314,3,6,0.0,0.0,3.0,0.0,True,285,314,17/05/2015,NA,NA,NA,NA,NA,NA,NA,NA,NA,NA,NA,NA,NA,NA,NA,NA,NA,NA
2,91509,Rodrigo Sam,264,3,6,0.0,0.0,1.0,0.0,False,264,315,16/05/2015,NA,NA,NA,NA,NA,NA,NA,NA,NA,NA,NA,NA,NA,NA,NA,NA,NA,NA
2,69010,João Carlos,303,1,6,0.0,0.0,1.0,0.0,False,303,276,17/05/2015,NA,NA,NA,NA,NA,NA,NA,NA,NA,NA,NA,NA,NA,NA,NA,NA,NA,NA
2,71971,Reynaldo ,303,1,6,0.0,0.0,1.0,0.0,False,303,276,17/05/2015,NA,NA,NA,NA,NA,NA,NA,NA,NA,NA,NA,NA,NA,NA,NA,NA,NA,NA
2,91664,Adryelson,292,3,6,0.0,0.0,1.0,0.0,True,262,292,17/05/2015,NA,NA,NA,NA,NA,NA,NA,NA,NA,NA,NA,NA,NA,NA,NA,NA,NA,NA
2,91004,Kelvenny,292,5,6,0.0,0.0,1.0,0.0,True,262,292,17/05/2015,NA,NA,NA,NA,NA,NA,NA,NA,NA,NA,NA,NA,NA,NA,NA,NA,NA,NA
2,89637,Thiago Maia,277,4,6,0.0,0.0,1.0,0.0,False,277,283,17/05/2015,NA,NA,NA,NA,NA,NA,NA,NA,NA,NA,NA,NA,NA,NA,NA,NA,NA,NA
2,91003,Alisson,292,5,6,0.0,0.0,1.0,0.0,True,262,292,17/05/2015,NA,NA,NA,NA,NA,NA,NA,NA,NA,NA,NA,NA,NA,NA,NA,NA,NA,NA
2,85425,João Paulo,277,1,6,0.0,0.0,1.0,0.0,False,277,283,17/05/2015,NA,NA,NA,NA,NA,NA,NA,NA,NA,NA,NA,NA,NA,NA,NA,NA,NA,NA
2,89694,James Dean,292,5,6,0.0,0.0,1.0,0.0,True,262,292,17/05/2015,NA,NA,NA,NA,NA,NA,NA,NA,NA,NA,NA,NA,NA,NA,NA,NA,NA,NA
2,81369,Júnior De Barros,293,5,6,0.0,0.0,1.0,0.0,True,290,293,16/05/2015,NA,NA,NA,NA,NA,NA,NA,NA,NA,NA,NA,NA,NA,NA,NA,NA,NA,NA
2,82457,Jean Felipe,293,2,6,0.0,0.0,1.0,0.0,True,290,293,16/05/2015,NA,NA,NA,NA,NA,NA,NA,NA,NA,NA,NA,NA,NA,NA,NA,NA,NA,NA
2,84098,Gustavo Marmentini,293,4,6,0.0,0.0,1.0,0.0,True,290,293,16/05/2015,NA,NA,NA,NA,NA,NA,NA,NA,NA,NA,NA,NA,NA,NA,NA,NA,NA,NA
2,88224,Paulo Ricardo,277,3,6,0.0,0.0,1.0,0.0,False,277,283,17/05/2015,NA,NA,NA,NA,NA,NA,NA,NA,NA,NA,NA,NA,NA,NA,NA,NA,NA,NA
2,73336,Rafael Martins,294,1,6,0.0,0.0,1.0,0.0,False,294,284,16/05/2015,NA,NA,NA,NA,NA,NA,NA,NA,NA,NA,NA,NA,NA,NA,NA,NA,NA,NA
2,87601,Junio ,303,2,6,0.0,0.0,1.0,0.0,False,303,276,17/05/2015,NA,NA,NA,NA,NA,NA,NA,NA,NA,NA,NA,NA,NA,NA,NA,NA,NA,NA
2,86618,Vitor Xavier,303,5,6,0.0,0.0,1.0,0.0,False,303,276,17/05/2015,NA,NA,NA,NA,NA,NA,NA,NA,NA,NA,NA,NA,NA,NA,NA,NA,NA,NA
2,90370,Matheus Pereira,264,4,6,0.0,0.0,1.0,0.0,False,264,315,16/05/2015,NA,NA,NA,NA,NA,NA,NA,NA,NA,NA,NA,NA,NA,NA,NA,NA,NA,NA
2,71601,João Paulo,315,1,6,0.0,0.0,1.0,0.0,True,264,315,16/05/2015,NA,NA,NA,NA,NA,NA,NA,NA,NA,NA,NA,NA,NA,NA,NA,NA,NA,NA
2,91099,Willian ,315,1,6,0.0,0.0,1.0,0.0,True,264,315,16/05/2015,NA,NA,NA,NA,NA,NA,NA,NA,NA,NA,NA,NA,NA,NA,NA,NA,NA,NA
2,81094,Vítor,314,1,6,0.0,0.0,1.0,0.0,True,285,314,17/05/2015,NA,NA,NA,NA,NA,NA,NA,NA,NA,NA,NA,NA,NA,NA,NA,NA,NA,NA
2,74078,Hernani,293,4,6,-0.3,-0.3,3.72,-1.28,True,290,293,16/05/2015,NA,1.0,NA,NA,NA,NA,NA,NA,NA,NA,NA,NA,NA,NA,NA,NA,NA,NA
2,38745,Jéci,314,3,7,-0.3,-0.3,3.72,-1.28,True,285,314,17/05/2015,NA,4.0,NA,NA,NA,2.0,NA,NA,NA,NA,1.0,NA,NA,NA,NA,NA,NA,NA
2,81914,Léo Lisboa,316,4,6,-0.3,-0.3,3.72,-1.28,False,316,267,17/05/2015,NA,1.0,NA,NA,NA,NA,NA,NA,NA,NA,NA,NA,NA,NA,NA,NA,NA,NA
2,91234,Renan,314,4,7,2.6,2.6,3.64,1.64,True,285,314,17/05/2015,NA,1.0,NA,NA,NA,NA,NA,NA,NA,2.0,1.0,NA,NA,NA,NA,NA,NA,NA
2,83335,Anderson Lopes,314,5,7,-3.5,-3.5,3.56,-4.44,True,285,314,17/05/2015,NA,4.0,NA,NA,NA,1.0,NA,NA,NA,NA,2.0,NA,1.0,NA,NA,NA,NA,NA
2,79702,Antônio Carlos ,314,3,7,0.5,0.5,3.56,-0.44,True,285,314,17/05/2015,NA,4.0,NA,NA,NA,NA,NA,NA,NA,1.0,NA,NA,NA,NA,NA,NA,NA,NA
2,71123,Thiago Mendes,276,4,6,-0.5,-0.5,3.56,-1.44,True,303,276,17/05/2015,1.0,NA,NA,NA,NA,NA,NA,NA,NA,NA,2.0,NA,NA,NA,NA,NA,NA,NA
2,82737,Welinton Junior,317,5,7,-0.5,-0.5,3.56,-1.44,False,317,275,17/05/2015,NA,NA,NA,NA,NA,NA,NA,NA,NA,NA,1.0,NA,NA,NA,NA,NA,NA,NA
2,78850,Reinaldo,276,2,6,-1.8,-1.8,3.32,-2.68,True,303,276,17/05/2015,1.0,6.0,NA,NA,NA,NA,NA,NA,NA,NA,1.0,NA,NA,NA,NA,NA,NA,NA
2,73317,Argel Fucks,316,6,7,0.17,0.17,3.3,-0.7,False,316,267,17/05/2015,NA,NA,NA,NA,NA,NA,NA,NA,NA,NA,NA,NA,NA,NA,NA,NA,NA,NA
2,63172,Paulão,285,3,7,-3.9,-3.9,3.24,-4.76,False,285,314,17/05/2015,1.0,3.0,NA,1.0,NA,NA,NA,NA,NA,NA,2.0,1.0,NA,NA,NA,NA,NA,NA
2,78414,Rafael Donato,317,3,5,0.0,0.0,3.0,0.0,False,317,275,17/05/2015,NA,NA,NA,NA,NA,NA,NA,NA,NA,NA,NA,NA,NA,NA,NA,NA,NA,NA
2,88597,Lucas Crispim,277,4,6,0.0,0.0,3.0,0.0,False,277,283,17/05/2015,NA,NA,NA,NA,NA,NA,NA,NA,NA,NA,NA,NA,NA,NA,NA,NA,NA,NA
2,88225,Daniel Guedes ,277,2,6,0.0,0.0,3.0,0.0,False,277,283,17/05/2015,NA,NA,NA,NA,NA,NA,NA,NA,NA,NA,NA,NA,NA,NA,NA,NA,NA,NA
2,83760,Caramelo,315,2,6,0.0,0.0,3.0,0.0,True,264,315,16/05/2015,NA,NA,NA,NA,NA,NA,NA,NA,NA,NA,NA,NA,NA,NA,NA,NA,NA,NA
2,87192,Zeca,277,2,6,0.0,0.0,3.0,0.0,False,277,283,17/05/2015,NA,NA,NA,NA,NA,NA,NA,NA,NA,NA,NA,NA,NA,NA,NA,NA,NA,NA
2,82639,Marcelo Hermes,284,2,6,0.0,0.0,3.0,0.0,True,294,284,16/05/2015,NA,NA,NA,NA,NA,NA,NA,NA,NA,NA,NA,NA,NA,NA,NA,NA,NA,NA
2,79432,Giovanni,293,4,6,0.0,0.0,3.0,0.0,True,290,293,16/05/2015,NA,NA,NA,NA,NA,NA,NA,NA,NA,NA,NA,NA,NA,NA,NA,NA,NA,NA
2,52897,Nivaldo,315,1,6,0.0,0.0,3.0,0.0,True,264,315,16/05/2015,NA,NA,NA,NA,NA,NA,NA,NA,NA,NA,NA,NA,NA,NA,NA,NA,NA,NA
2,50408,Breno,276,3,6,0.0,0.0,3.0,0.0,True,303,276,17/05/2015,NA,NA,NA,NA,NA,NA,NA,NA,NA,NA,NA,NA,NA,NA,NA,NA,NA,NA
2,38219,Alex,285,4,6,-0.4,-0.4,17.09,-4.91,False,285,314,17/05/2015,1.0,3.0,NA,NA,NA,NA,NA,NA,NA,NA,NA,NA,NA,NA,NA,NA,NA,NA
2,37653,Nilmar,285,5,5,0.0,0.0,17.0,0.0,False,285,314,17/05/2015,NA,NA,NA,NA,NA,NA,NA,NA,NA,NA,NA,NA,NA,NA,NA,NA,NA,NA
2,50294,Guilherme,282,4,6,0.0,0.0,17.0,0.0,False,282,266,17/05/2015,NA,NA,NA,NA,NA,NA,NA,NA,NA,NA,NA,NA,NA,NA,NA,NA,NA,NA
2,78012,Yuri Mamute,284,5,7,16.4,16.4,16.93,11.93,True,294,284,16/05/2015,5.0,9.0,NA,NA,NA,1.0,2.0,1.0,NA,2.0,2.0,NA,1.0,NA,NA,NA,NA,NA
2,69249,Martín Silva,267,1,7,7.4,7.4,16.93,2.93,True,316,267,17/05/2015,NA,2.0,NA,NA,NA,NA,NA,NA,NA,NA,NA,NA,NA,NA,1.0,1.0,NA,NA
2,42234,Cássio,264,1,7,4.1,4.1,16.69,-0.31,False,264,315,16/05/2015,NA,3.0,NA,NA,NA,NA,NA,NA,NA,NA,NA,NA,NA,NA,1.0,NA,NA,NA
2,80692,Luan,267,3,7,5.0,5.0,16.61,0.61,True,316,267,17/05/2015,2.0,3.0,NA,NA,NA,NA,NA,NA,NA,2.0,3.0,NA,1.0,NA,1.0,NA,NA,NA
2,73896,Geuvânio,277,5,7,2.9,2.9,16.53,-1.47,False,277,283,17/05/2015,NA,4.0,NA,NA,1.0,1.0,NA,NA,NA,2.0,2.0,NA,NA,NA,NA,NA,NA,NA
2,38435,Valdivia,275,4,7,1.9,1.9,16.53,-2.47,True,317,275,17/05/2015,NA,6.0,NA,NA,3.0,1.0,NA,NA,NA,NA,NA,NA,NA,NA,NA,NA,NA,NA
2,68887,Gum,266,3,7,5.9,5.9,16.53,1.53,True,282,266,17/05/2015,NA,1.0,NA,NA,NA,NA,NA,NA,NA,1.0,1.0,NA,NA,NA,1.0,NA,NA,NA
2,74140,Élber,292,4,7,6.5,6.5,16.22,2.22,True,262,292,17/05/2015,6.0,3.0,NA,NA,1.0,NA,NA,NA,NA,2.0,NA,NA,NA,NA,NA,NA,NA,NA
2,89256,Gerson,266,4,7,2.5,2.5,16.22,-1.78,True,282,266,17/05/2015,2.0,4.0,NA,NA,1.0,NA,NA,NA,NA,1.0,NA,NA,NA,NA,NA,NA,NA,NA
2,50459,Léo,283,3,6,0.0,0.0,16.0,0.0,True,277,283,17/05/2015,NA,NA,NA,NA,NA,NA,NA,NA,NA,NA,NA,NA,NA,NA,NA,NA,NA,NA
2,63013,Marcos Rocha,282,2,6,0.0,0.0,16.0,0.0,False,282,266,17/05/2015,NA,NA,NA,NA,NA,NA,NA,NA,NA,NA,NA,NA,NA,NA,NA,NA,NA,NA
2,71495,Lisandro López,285,5,6,0.0,0.0,16.0,0.0,False,285,314,17/05/2015,NA,NA,NA,NA,NA,NA,NA,NA,NA,NA,NA,NA,NA,NA,NA,NA,NA,NA
2,52190,Ralf,264,4,6,0.0,0.0,16.0,0.0,False,264,315,16/05/2015,NA,NA,NA,NA,NA,NA,NA,NA,NA,NA,NA,NA,NA,NA,NA,NA,NA,NA
2,37607,Michel Bastos,276,4,6,0.0,0.0,16.0,0.0,True,303,276,17/05/2015,NA,NA,NA,NA,NA,NA,NA,NA,NA,NA,NA,NA,NA,NA,NA,NA,NA,NA
2,37673,Alecsandro,262,5,6,0.0,0.0,16.0,0.0,False,262,292,17/05/2015,NA,NA,NA,NA,NA,NA,NA,NA,NA,NA,NA,NA,NA,NA,NA,NA,NA,NA
2,42213,Fernando Bob,303,4,7,6.6,6.6,15.5,2.5,False,303,276,17/05/2015,1.0,2.0,NA,NA,NA,NA,NA,NA,NA,6.0,7.0,NA,NA,NA,NA,NA,NA,NA
2,45125,Tite,264,6,7,4.31,4.31,15.27,0.27,False,264,315,16/05/2015,NA,NA,NA,NA,NA,NA,NA,NA,NA,NA,NA,NA,NA,NA,NA,NA,NA,NA
2,69019,Fabinho ,317,5,6,0.0,0.0,7.0,0.0,False,317,275,17/05/2015,NA,NA,NA,NA,NA,NA,NA,NA,NA,NA,NA,NA,NA,NA,NA,NA,NA,NA
2,70928,William Henrique,317,5,6,0.0,0.0,7.0,0.0,False,317,275,17/05/2015,NA,NA,NA,NA,NA,NA,NA,NA,NA,NA,NA,NA,NA,NA,NA,NA,NA,NA
2,74271,Edigar Junio,293,5,6,0.0,0.0,7.0,0.0,True,290,293,16/05/2015,NA,NA,NA,NA,NA,NA,NA,NA,NA,NA,NA,NA,NA,NA,NA,NA,NA,NA
2,36650,Magno Alves,266,5,6,0.0,0.0,7.0,0.0,True,282,266,17/05/2015,NA,NA,NA,NA,NA,NA,NA,NA,NA,NA,NA,NA,NA,NA,NA,NA,NA,NA
2,78556,Lucas,267,4,6,0.0,0.0,7.0,0.0,True,316,267,17/05/2015,NA,NA,NA,NA,NA,NA,NA,NA,NA,NA,NA,NA,NA,NA,NA,NA,NA,NA
2,78652,Jhon Cley,267,4,6,0.0,0.0,7.0,0.0,True,316,267,17/05/2015,NA,NA,NA,NA,NA,NA,NA,NA,NA,NA,NA,NA,NA,NA,NA,NA,NA,NA
2,82787,Joel,283,5,6,0.0,0.0,7.0,0.0,True,277,283,17/05/2015,NA,NA,NA,NA,NA,NA,NA,NA,NA,NA,NA,NA,NA,NA,NA,NA,NA,NA
2,42499,Bruno,276,2,6,0.0,0.0,7.0,0.0,True,303,276,17/05/2015,NA,NA,NA,NA,NA,NA,NA,NA,NA,NA,NA,NA,NA,NA,NA,NA,NA,NA
2,83189,Riascos,283,5,6,0.0,0.0,7.0,0.0,True,277,283,17/05/2015,NA,NA,NA,NA,NA,NA,NA,NA,NA,NA,NA,NA,NA,NA,NA,NA,NA,NA
2,72039,Ferron,316,3,6,0.0,0.0,7.0,0.0,False,316,267,17/05/2015,NA,NA,NA,NA,NA,NA,NA,NA,NA,NA,NA,NA,NA,NA,NA,NA,NA,NA
2,73957,Ewerton Páscoa ,292,3,6,0.0,0.0,7.0,0.0,True,262,292,17/05/2015,NA,NA,NA,NA,NA,NA,NA,NA,NA,NA,NA,NA,NA,NA,NA,NA,NA,NA
2,68697,Bernardo,267,4,6,-1.2,-1.2,6.96,-3.04,True,316,267,17/05/2015,NA,4.0,NA,NA,NA,NA,NA,NA,NA,NA,NA,NA,NA,NA,NA,NA,NA,NA
2,50328,Marcelo Oliveira,284,2,7,0.8,0.8,6.96,-1.04,True,294,284,16/05/2015,2.0,3.0,NA,NA,NA,NA,NA,NA,NA,1.0,2.0,NA,NA,NA,NA,NA,NA,NA
2,50453,Anderson Pico,262,2,7,1.8,1.8,6.96,-0.04,False,262,292,17/05/2015,2.0,3.0,NA,NA,NA,NA,NA,NA,NA,1.0,NA,NA,NA,NA,NA,NA,NA,NA
2,80129,Jadson,293,4,7,0.7,0.7,6.88,-1.12,True,290,293,16/05/2015,2.0,5.0,NA,NA,NA,NA,NA,NA,NA,1.0,1.0,NA,NA,NA,NA,NA,NA,NA
2,90285,Bruno Henrique,290,5,7,1.7,1.7,6.88,-0.12,False,290,293,16/05/2015,3.0,NA,NA,NA,NA,NA,NA,1.0,NA,1.0,2.0,NA,NA,NA,NA,NA,NA,NA
2,50295,Felipe Menezes,290,4,7,0.6,0.6,6.8,-1.2,False,290,293,16/05/2015,1.0,3.0,NA,NA,1.0,NA,NA,NA,NA,NA,NA,NA,NA,NA,NA,NA,NA,NA
2,81950,Jefferson,316,4,7,3.6,3.6,6.8,1.8,False,316,267,17/05/2015,1.0,1.0,NA,NA,NA,NA,NA,NA,NA,2.0,NA,NA,NA,NA,NA,NA,NA,NA
2,73800,Rodrigo Caio,276,4,7,-1.4,-1.4,6.8,-3.2,True,303,276,17/05/2015,NA,3.0,NA,NA,NA,NA,NA,NA,NA,NA,1.0,NA,NA,NA,NA,NA,NA,NA
2,60794,Pablo,314,2,7,2.5,2.5,6.72,0.72,True,285,314,17/05/2015,3.0,3.0,NA,NA,NA,1.0,NA,NA,NA,1.0,1.0,NA,NA,NA,NA,NA,NA,NA
2,80393,Fabinho,316,4,6,0.0,0.0,2.0,0.0,False,316,267,17/05/2015,NA,NA,NA,NA,NA,NA,NA,NA,NA,NA,NA,NA,NA,NA,NA,NA,NA,NA
2,84889,Victor Oliveira,266,3,6,0.0,0.0,2.0,0.0,True,282,266,17/05/2015,NA,NA,NA,NA,NA,NA,NA,NA,NA,NA,NA,NA,NA,NA,NA,NA,NA,NA
2,90297,Guilherme,264,1,6,0.0,0.0,2.0,0.0,False,264,315,16/05/2015,NA,NA,NA,NA,NA,NA,NA,NA,NA,NA,NA,NA,NA,NA,NA,NA,NA,NA
2,90318,Joãozinho,317,2,5,0.0,0.0,2.0,0.0,False,317,275,17/05/2015,NA,NA,NA,NA,NA,NA,NA,NA,NA,NA,NA,NA,NA,NA,NA,NA,NA,NA
2,73618,Léo Rodrigues,316,2,6,0.0,0.0,2.0,0.0,False,316,267,17/05/2015,NA,NA,NA,NA,NA,NA,NA,NA,NA,NA,NA,NA,NA,NA,NA,NA,NA,NA
2,84314,Ítalo,317,4,6,0.0,0.0,2.0,0.0,False,317,275,17/05/2015,NA,NA,NA,NA,NA,NA,NA,NA,NA,NA,NA,NA,NA,NA,NA,NA,NA,NA
2,82461,Danrlei,317,3,6,0.0,0.0,2.0,0.0,False,317,275,17/05/2015,NA,NA,NA,NA,NA,NA,NA,NA,NA,NA,NA,NA,NA,NA,NA,NA,NA,NA
2,91654,Daniel,316,5,6,0.0,0.0,2.0,0.0,False,316,267,17/05/2015,NA,NA,NA,NA,NA,NA,NA,NA,NA,NA,NA,NA,NA,NA,NA,NA,NA,NA
2,89977,Bruno Santos,316,2,6,0.0,0.0,2.0,0.0,False,316,267,17/05/2015,NA,NA,NA,NA,NA,NA,NA,NA,NA,NA,NA,NA,NA,NA,NA,NA,NA,NA
2,90777,Michel,315,2,6,0.0,0.0,2.0,0.0,True,264,315,16/05/2015,NA,NA,NA,NA,NA,NA,NA,NA,NA,NA,NA,NA,NA,NA,NA,NA,NA,NA
2,82566,Lucas Machado,315,4,6,0.0,0.0,2.0,0.0,True,264,315,16/05/2015,NA,NA,NA,NA,NA,NA,NA,NA,NA,NA,NA,NA,NA,NA,NA,NA,NA,NA
2,89191,Felipe Zang,315,3,6,0.0,0.0,2.0,0.0,True,264,315,16/05/2015,NA,NA,NA,NA,NA,NA,NA,NA,NA,NA,NA,NA,NA,NA,NA,NA,NA,NA
2,87201,Igor ,315,3,6,0.0,0.0,2.0,0.0,True,264,315,16/05/2015,NA,NA,NA,NA,NA,NA,NA,NA,NA,NA,NA,NA,NA,NA,NA,NA,NA,NA
2,91261,Bernardo,303,3,6,0.0,0.0,2.0,0.0,False,303,276,17/05/2015,NA,NA,NA,NA,NA,NA,NA,NA,NA,NA,NA,NA,NA,NA,NA,NA,NA,NA
2,91468,Mateus Silva,317,5,6,0.0,0.0,2.0,0.0,False,317,275,17/05/2015,NA,NA,NA,NA,NA,NA,NA,NA,NA,NA,NA,NA,NA,NA,NA,NA,NA,NA
2,85210,Jonatan Ponciano,316,5,5,0.0,0.0,2.0,0.0,False,316,267,17/05/2015,NA,NA,NA,NA,NA,NA,NA,NA,NA,NA,NA,NA,NA,NA,NA,NA,NA,NA
2,87228,Guilherme Arana,293,2,6,0.0,0.0,2.0,0.0,True,290,293,16/05/2015,NA,NA,NA,NA,NA,NA,NA,NA,NA,NA,NA,NA,NA,NA,NA,NA,NA,NA
2,91391,Juninho,317,4,6,0.0,0.0,2.0,0.0,False,317,275,17/05/2015,NA,NA,NA,NA,NA,NA,NA,NA,NA,NA,NA,NA,NA,NA,NA,NA,NA,NA
2,74103,Frauches ,262,3,6,0.0,0.0,2.0,0.0,False,262,292,17/05/2015,NA,NA,NA,NA,NA,NA,NA,NA,NA,NA,NA,NA,NA,NA,NA,NA,NA,NA
2,78895,Marcelo,262,3,6,0.0,0.0,2.0,0.0,False,262,292,17/05/2015,NA,NA,NA,NA,NA,NA,NA,NA,NA,NA,NA,NA,NA,NA,NA,NA,NA,NA
2,90703,Matheuzinho,316,4,6,0.0,0.0,1.0,0.0,False,316,267,17/05/2015,NA,NA,NA,NA,NA,NA,NA,NA,NA,NA,NA,NA,NA,NA,NA,NA,NA,NA
2,91273,Rodrigo Lobão,303,3,6,0.0,0.0,1.0,0.0,False,303,276,17/05/2015,NA,NA,NA,NA,NA,NA,NA,NA,NA,NA,NA,NA,NA,NA,NA,NA,NA,NA
2,86444,Pablo Dyego,266,5,6,0.0,0.0,1.0,0.0,True,282,266,17/05/2015,NA,NA,NA,NA,NA,NA,NA,NA,NA,NA,NA,NA,NA,NA,NA,NA,NA,NA
2,91741,Luiz Meneses,317,4,6,0.0,0.0,1.0,0.0,False,317,275,17/05/2015,NA,NA,NA,NA,NA,NA,NA,NA,NA,NA,NA,NA,NA,NA,NA,NA,NA,NA
2,80328,Jhonatan,317,1,6,0.0,0.0,1.0,0.0,False,317,275,17/05/2015,NA,NA,NA,NA,NA,NA,NA,NA,NA,NA,NA,NA,NA,NA,NA,NA,NA,NA
2,88147,Paulo Henrique,290,1,6,0.0,0.0,1.0,0.0,False,290,293,16/05/2015,NA,NA,NA,NA,NA,NA,NA,NA,NA,NA,NA,NA,NA,NA,NA,NA,NA,NA
2,88072,Douglas Baggio,262,5,6,0.0,0.0,1.0,0.0,False,262,292,17/05/2015,NA,NA,NA,NA,NA,NA,NA,NA,NA,NA,NA,NA,NA,NA,NA,NA,NA,NA
2,84917,Jeferson,303,2,6,0.0,0.0,1.0,0.0,False,303,276,17/05/2015,NA,NA,NA,NA,NA,NA,NA,NA,NA,NA,NA,NA,NA,NA,NA,NA,NA,NA
2,91916,Silas,285,4,6,0.0,0.0,1.0,0.0,False,285,314,17/05/2015,NA,NA,NA,NA,NA,NA,NA,NA,NA,NA,NA,NA,NA,NA,NA,NA,NA,NA
2,87265,Bocão,290,2,6,0.0,0.0,1.0,0.0,False,290,293,16/05/2015,NA,NA,NA,NA,NA,NA,NA,NA,NA,NA,NA,NA,NA,NA,NA,NA,NA,NA
2,82641,Ronan,266,2,6,0.0,0.0,1.0,0.0,True,282,266,17/05/2015,NA,NA,NA,NA,NA,NA,NA,NA,NA,NA,NA,NA,NA,NA,NA,NA,NA,NA
2,88780,Leandro,285,5,6,0.0,0.0,1.0,0.0,False,285,314,17/05/2015,NA,NA,NA,NA,NA,NA,NA,NA,NA,NA,NA,NA,NA,NA,NA,NA,NA,NA
2,91267,Jarlan,290,5,6,0.0,0.0,1.0,0.0,False,290,293,16/05/2015,NA,NA,NA,NA,NA,NA,NA,NA,NA,NA,NA,NA,NA,NA,NA,NA,NA,NA
2,74067,Charles ,267,1,6,0.0,0.0,1.0,0.0,True,316,267,17/05/2015,NA,NA,NA,NA,NA,NA,NA,NA,NA,NA,NA,NA,NA,NA,NA,NA,NA,NA
2,86934,Túlio,290,4,6,0.0,0.0,1.0,0.0,False,290,293,16/05/2015,NA,NA,NA,NA,NA,NA,NA,NA,NA,NA,NA,NA,NA,NA,NA,NA,NA,NA
2,89258,Daniel,262,1,6,0.0,0.0,1.0,0.0,False,262,292,17/05/2015,NA,NA,NA,NA,NA,NA,NA,NA,NA,NA,NA,NA,NA,NA,NA,NA,NA,NA
2,91815,Ygor Nogueira,266,3,6,0.0,0.0,1.0,0.0,True,282,266,17/05/2015,NA,NA,NA,NA,NA,NA,NA,NA,NA,NA,NA,NA,NA,NA,NA,NA,NA,NA
2,73641,Robert,290,5,6,0.0,0.0,1.0,0.0,False,290,293,16/05/2015,NA,NA,NA,NA,NA,NA,NA,NA,NA,NA,NA,NA,NA,NA,NA,NA,NA,NA
2,86512,Bruno Gomes,285,5,6,0.0,0.0,1.0,0.0,False,285,314,17/05/2015,NA,NA,NA,NA,NA,NA,NA,NA,NA,NA,NA,NA,NA,NA,NA,NA,NA,NA
2,82634,Matheus Galdezani,292,4,6,0.0,0.0,1.0,0.0,True,262,292,17/05/2015,NA,NA,NA,NA,NA,NA,NA,NA,NA,NA,NA,NA,NA,NA,NA,NA,NA,NA
2,87420,Cristaldo,275,5,5,0.0,0.0,10.0,0.0,True,317,275,17/05/2015,NA,NA,NA,NA,NA,NA,NA,NA,NA,NA,NA,NA,NA,NA,NA,NA,NA,NA
2,63119,Juninho,316,4,5,0.0,0.0,10.0,0.0,False,316,267,17/05/2015,NA,NA,NA,NA,NA,NA,NA,NA,NA,NA,NA,NA,NA,NA,NA,NA,NA,NA
2,38921,Júlio Baptista,283,4,5,0.0,0.0,10.0,0.0,True,277,283,17/05/2015,NA,NA,NA,NA,NA,NA,NA,NA,NA,NA,NA,NA,NA,NA,NA,NA,NA,NA
2,38695,David,290,4,5,0.0,0.0,10.0,0.0,False,290,293,16/05/2015,NA,NA,NA,NA,NA,NA,NA,NA,NA,NA,NA,NA,NA,NA,NA,NA,NA,NA
2,68954,Marquinhos Gabriel,277,4,6,0.0,0.0,10.0,0.0,False,277,283,17/05/2015,NA,NA,NA,NA,NA,NA,NA,NA,NA,NA,NA,NA,NA,NA,NA,NA,NA,NA
2,38451,Carlinhos,276,2,7,0.0,0.0,10.0,0.0,True,303,276,17/05/2015,NA,NA,NA,NA,NA,NA,NA,NA,NA,NA,NA,NA,NA,NA,NA,NA,NA,NA
2,38069,Richarlyson,315,4,5,0.0,0.0,10.0,0.0,True,264,315,16/05/2015,NA,NA,NA,NA,NA,NA,NA,NA,NA,NA,NA,NA,NA,NA,NA,NA,NA,NA
2,41859,Marcelinho Paraíba,317,4,6,0.0,0.0,10.0,0.0,False,317,275,17/05/2015,NA,NA,NA,NA,NA,NA,NA,NA,NA,NA,NA,NA,NA,NA,NA,NA,NA,NA
2,37958,Felipe,316,1,6,0.0,0.0,10.0,0.0,False,316,267,17/05/2015,NA,NA,NA,NA,NA,NA,NA,NA,NA,NA,NA,NA,NA,NA,NA,NA,NA,NA
2,85027,Carlos,282,5,6,1.6,1.6,9.97,-1.03,False,282,266,17/05/2015,1.0,2.0,NA,NA,1.0,NA,NA,NA,NA,1.0,2.0,NA,NA,NA,NA,NA,NA,NA
2,52674,Gilson,303,2,7,8.6,8.6,9.97,5.97,False,303,276,17/05/2015,1.0,3.0,NA,NA,1.0,NA,NA,NA,NA,5.0,1.0,NA,NA,NA,NA,NA,NA,NA
2,85423,Valdivia,285,4,6,2.5,2.5,9.89,-0.11,False,285,314,17/05/2015,1.0,NA,NA,NA,2.0,NA,NA,NA,NA,NA,NA,NA,NA,NA,NA,NA,NA,NA
2,83257,Gabriel,277,5,6,0.5,0.5,9.89,-2.11,False,277,283,17/05/2015,1.0,NA,NA,NA,NA,NA,NA,NA,NA,NA,NA,NA,NA,NA,NA,NA,NA,NA
2,73766,Diego Aguirre,285,6,7,0.43,0.43,9.83,-2.17,False,285,314,17/05/2015,NA,NA,NA,NA,NA,NA,NA,NA,NA,NA,NA,NA,NA,NA,NA,NA,NA,NA
2,72023,Sueliton,317,2,7,1.4,1.4,9.81,-1.19,False,317,275,17/05/2015,1.0,1.0,NA,NA,NA,NA,NA,NA,NA,1.0,1.0,NA,NA,NA,NA,NA,NA,NA
2,37781,Marcelo Costa,317,4,7,2.4,2.4,9.81,-0.19,False,317,275,17/05/2015,1.0,NA,NA,NA,NA,1.0,NA,NA,NA,1.0,1.0,NA,NA,NA,NA,NA,NA,NA
2,87741,Joelinton,292,5,7,4.4,4.4,9.81,1.81,True,262,292,17/05/2015,1.0,1.0,NA,NA,3.0,NA,NA,NA,NA,1.0,1.0,NA,NA,NA,NA,NA,NA,NA
2,52253,Réver,285,3,7,-0.6,-0.6,9.81,-3.19,False,285,314,17/05/2015,NA,2.0,NA,NA,NA,NA,NA,NA,NA,NA,NA,NA,NA,NA,NA,NA,NA,NA
2,72204,Diego Oliveira,303,5,7,9.2,9.2,9.65,6.65,False,303,276,17/05/2015,1.0,NA,NA,NA,NA,NA,1.0,NA,NA,1.0,2.0,NA,NA,NA,NA,NA,NA,NA
2,36940,Oswaldo De Oliveira,275,6,7,3.17,3.17,9.63,0.63,True,317,275,17/05/2015,NA,NA,NA,NA,NA,NA,NA,NA,NA,NA,NA,NA,NA,NA,NA,NA,NA,NA
2,62056,Kempes,317,5,7,-2.5,-2.5,5.93,-4.07,False,317,275,17/05/2015,1.0,4.0,NA,NA,NA,1.0,NA,1.0,NA,NA,4.0,NA,NA,NA,NA,NA,NA,NA
2,37993,Almir,262,4,7,1.5,1.5,5.93,-0.07,False,262,292,17/05/2015,3.0,NA,NA,NA,NA,NA,NA,NA,NA,NA,NA,NA,NA,NA,NA,NA,NA,NA
2,50645,Eduardo,293,2,7,1.4,1.4,5.85,-0.15,True,290,293,16/05/2015,NA,2.0,NA,NA,NA,NA,NA,NA,NA,NA,2.0,NA,1.0,NA,1.0,NA,NA,NA
2,68821,Rafael Galhardo,284,2,7,1.4,1.4,5.85,-0.15,True,294,284,16/05/2015,4.0,1.0,NA,NA,2.0,NA,NA,NA,NA,1.0,4.0,NA,1.0,NA,NA,NA,NA,NA
2,38440,Pierre,266,4,7,1.4,1.4,5.85,-0.15,True,282,266,17/05/2015,NA,NA,NA,NA,NA,1.0,NA,NA,NA,1.0,2.0,NA,NA,NA,NA,NA,NA,NA
2,82632,Lucas Coelho,290,5,6,0.4,0.4,5.85,-1.15,False,290,293,16/05/2015,1.0,2.0,NA,NA,1.0,NA,NA,NA,NA,NA,1.0,NA,NA,NA,NA,NA,NA,NA
2,71042,Augusto César,317,4,7,0.4,0.4,5.85,-1.15,False,317,275,17/05/2015,NA,1.0,NA,NA,NA,NA,NA,NA,NA,1.0,2.0,NA,NA,NA,NA,NA,NA,NA
2,72491,Bressan,262,3,7,0.4,0.4,5.85,-1.15,False,262,292,17/05/2015,NA,1.0,NA,NA,NA,NA,NA,NA,NA,1.0,2.0,NA,NA,NA,NA,NA,NA,NA
2,81905,Henrique Dourado,283,5,7,-0.7,-0.7,5.77,-2.23,True,277,283,17/05/2015,NA,3.0,NA,NA,1.0,1.0,NA,2.0,NA,NA,1.0,NA,NA,NA,NA,NA,NA,NA
2,61188,Gilberto,267,5,7,2.3,2.3,5.77,0.77,True,316,267,17/05/2015,3.0,2.0,NA,NA,NA,2.0,NA,NA,NA,NA,NA,NA,NA,NA,NA,NA,NA,NA
2,85040,Gabriel Xavier,283,4,7,0.2,0.2,5.7,-1.3,True,277,283,17/05/2015,2.0,3.0,NA,NA,NA,1.0,NA,NA,NA,2.0,4.0,NA,1.0,NA,NA,NA,NA,NA
2,68685,Alan Patrick,275,4,6,-0.8,-0.8,5.7,-2.3,True,317,275,17/05/2015,1.0,1.0,NA,NA,NA,NA,NA,NA,NA,NA,2.0,NA,NA,NA,NA,NA,NA,NA
2,62974,Werley,277,3,7,-0.9,-0.9,5.62,-2.38,False,277,283,17/05/2015,NA,3.0,NA,NA,NA,NA,NA,NA,NA,NA,NA,NA,NA,NA,NA,NA,NA,NA
2,63005,Welinton,294,3,7,2.0,2.0,5.54,0.54,False,294,284,16/05/2015,4.0,8.0,NA,NA,NA,1.0,NA,NA,NA,1.0,NA,NA,NA,NA,NA,NA,NA,NA
2,90031,Mendoza,264,5,6,0.0,0.0,5.54,-1.46,False,264,315,16/05/2015,NA,NA,NA,NA,NA,NA,NA,NA,NA,NA,NA,NA,NA,NA,NA,NA,NA,NA
2,38178,Roberto,314,5,6,1.0,1.0,5.54,-0.46,True,285,314,17/05/2015,2.0,NA,NA,NA,1.0,NA,NA,NA,NA,NA,2.0,NA,NA,NA,NA,NA,NA,NA
2,68938,Giovanni Augusto,282,4,7,2.9,2.9,5.46,1.46,False,282,266,17/05/2015,3.0,1.0,NA,NA,NA,NA,NA,NA,NA,1.0,NA,NA,NA,NA,NA,NA,NA,NA
2,56102,João Paulo,294,4,7,0.8,0.8,5.38,-0.62,False,294,284,16/05/2015,NA,7.0,NA,NA,NA,NA,NA,NA,NA,2.0,1.0,NA,NA,NA,NA,NA,NA,NA
2,86725,Rafael Silva,267,5,7,1.6,1.6,5.22,0.22,True,316,267,17/05/2015,2.0,2.0,NA,NA,NA,NA,NA,NA,NA,1.0,1.0,NA,NA,NA,NA,NA,NA,NA
2,63003,Uelliton,314,4,7,0.6,0.6,5.22,-0.78,True,285,314,17/05/2015,3.0,2.0,NA,NA,NA,1.0,NA,NA,NA,NA,2.0,NA,NA,NA,NA,NA,NA,NA
2,85586,Jonas,262,4,7,7.1,7.1,11.94,3.94,False,262,292,17/05/2015,2.0,3.0,NA,NA,NA,NA,NA,NA,NA,5.0,3.0,NA,NA,NA,NA,NA,NA,NA
2,68872,Marcelo Lomba,303,1,7,3.0,3.0,11.86,-0.14,False,303,276,17/05/2015,NA,NA,NA,NA,NA,NA,NA,NA,NA,NA,NA,NA,NA,NA,NA,3.0,NA,3.0
2,41218,Magrão,292,1,7,-2.0,-2.0,11.86,-5.14,True,262,292,17/05/2015,NA,NA,NA,NA,NA,NA,NA,NA,NA,NA,NA,NA,NA,NA,NA,NA,NA,1.0
2,50877,Pedro Ken,294,4,7,5.0,5.0,11.86,1.86,False,294,284,16/05/2015,3.0,1.0,NA,NA,NA,1.0,NA,NA,NA,3.0,4.0,NA,NA,NA,NA,NA,NA,NA
2,73806,Samuel ,292,5,7,1.9,1.9,11.79,-1.21,True,262,292,17/05/2015,1.0,NA,NA,NA,NA,1.0,NA,NA,NA,1.0,2.0,NA,NA,NA,NA,NA,NA,NA
2,69090,Matías Rodríguez,284,2,6,8.7,8.7,11.63,5.63,True,294,284,16/05/2015,NA,1.0,NA,NA,1.0,NA,1.0,NA,NA,NA,NA,NA,NA,NA,NA,NA,NA,NA
2,62139,Ricardo Drubscky,266,6,7,6.67,6.67,11.61,3.61,True,282,266,17/05/2015,NA,NA,NA,NA,NA,NA,NA,NA,NA,NA,NA,NA,NA,NA,NA,NA,NA,NA
2,38523,Edílson,264,2,7,9.6,9.6,11.55,6.55,False,264,315,16/05/2015,1.0,1.0,1.0,NA,NA,NA,NA,NA,NA,2.0,4.0,NA,1.0,NA,1.0,NA,NA,NA
2,50421,Wesley,276,4,7,3.5,3.5,11.47,0.47,True,303,276,17/05/2015,1.0,4.0,1.0,NA,NA,1.0,NA,NA,NA,NA,3.0,NA,NA,NA,NA,NA,NA,NA
2,60852,Uendel,264,2,7,8.4,8.4,11.39,5.39,False,264,315,16/05/2015,1.0,NA,NA,NA,NA,NA,NA,NA,NA,2.0,1.0,NA,NA,NA,1.0,NA,NA,NA
2,61135,Ananias,315,5,7,6.3,6.3,11.31,3.31,True,264,315,16/05/2015,3.0,3.0,1.0,NA,NA,NA,NA,NA,NA,1.0,2.0,NA,NA,NA,NA,NA,NA,NA
2,70046,Victor Ferraz,277,2,7,7.2,7.2,11.23,4.23,False,277,283,17/05/2015,1.0,4.0,1.0,NA,NA,NA,NA,NA,NA,2.0,1.0,NA,NA,NA,NA,NA,NA,NA
2,43618,Luiz Felipe Scolari,284,6,7,4.19,4.19,11.22,1.22,True,294,284,16/05/2015,NA,NA,NA,NA,NA,NA,NA,NA,NA,NA,NA,NA,NA,NA,NA,NA,NA,NA
2,38067,Danilo,264,4,7,0.1,0.1,11.15,-2.85,False,264,315,16/05/2015,NA,2.0,NA,NA,NA,1.0,NA,NA,NA,NA,NA,NA,NA,NA,NA,NA,NA,NA
2,38852,Anderson,285,4,7,2.0,2.0,11.07,-0.93,False,285,314,17/05/2015,NA,3.0,NA,NA,NA,NA,NA,NA,NA,2.0,1.0,NA,NA,NA,NA,NA,NA,NA
2,50317,David Braz,277,3,7,-2.0,-2.0,11.07,-4.93,False,277,283,17/05/2015,NA,9.0,NA,NA,NA,1.0,NA,NA,NA,NA,NA,NA,NA,NA,NA,NA,NA,NA
2,71162,Vinícius,266,4,6,7.0,7.0,11.07,4.07,True,282,266,17/05/2015,NA,NA,NA,NA,1.0,NA,1.0,NA,NA,NA,NA,NA,1.0,NA,NA,NA,NA,NA
2,82768,Danilo,315,1,7,4.0,4.0,11.07,1.07,True,264,315,16/05/2015,NA,NA,NA,NA,NA,NA,NA,NA,NA,NA,NA,NA,NA,NA,NA,2.0,NA,1.0
2,81770,Clayton,316,5,6,0.0,0.0,11.0,0.0,False,316,267,17/05/2015,NA,NA,NA,NA,NA,NA,NA,NA,NA,NA,NA,NA,NA,NA,NA,NA,NA,NA
2,84382,Danilo,292,4,6,0.0,0.0,11.0,0.0,True,262,292,17/05/2015,NA,NA,NA,NA,NA,NA,NA,NA,NA,NA,NA,NA,NA,NA,NA,NA,NA,NA
2,80400,Rafinha,266,4,6,0.0,0.0,4.0,0.0,True,282,266,17/05/2015,NA,NA,NA,NA,NA,NA,NA,NA,NA,NA,NA,NA,NA,NA,NA,NA,NA,NA
2,89606,Felipe Saturnino,290,2,6,0.0,0.0,4.0,0.0,False,290,293,16/05/2015,NA,NA,NA,NA,NA,NA,NA,NA,NA,NA,NA,NA,NA,NA,NA,NA,NA,NA
2,80188,Marcos Junior,266,5,6,0.0,0.0,4.0,0.0,True,282,266,17/05/2015,NA,NA,NA,NA,NA,NA,NA,NA,NA,NA,NA,NA,NA,NA,NA,NA,NA,NA
2,90366,Luiz Fernando ,266,4,6,0.0,0.0,4.0,0.0,True,282,266,17/05/2015,NA,NA,NA,NA,NA,NA,NA,NA,NA,NA,NA,NA,NA,NA,NA,NA,NA,NA
2,78236,Danilo,290,5,6,0.0,0.0,4.0,0.0,False,290,293,16/05/2015,NA,NA,NA,NA,NA,NA,NA,NA,NA,NA,NA,NA,NA,NA,NA,NA,NA,NA
2,78865,Rodrigo Dourado,285,4,6,0.0,0.0,4.0,0.0,False,285,314,17/05/2015,NA,NA,NA,NA,NA,NA,NA,NA,NA,NA,NA,NA,NA,NA,NA,NA,NA,NA
2,78458,João Afonso,315,4,6,0.0,0.0,4.0,0.0,True,264,315,16/05/2015,NA,NA,NA,NA,NA,NA,NA,NA,NA,NA,NA,NA,NA,NA,NA,NA,NA,NA
2,37663,Julio Cesar,267,2,6,0.0,0.0,4.0,0.0,True,316,267,17/05/2015,NA,NA,NA,NA,NA,NA,NA,NA,NA,NA,NA,NA,NA,NA,NA,NA,NA,NA
2,81091,Jair,285,4,6,0.0,0.0,4.0,0.0,False,285,314,17/05/2015,NA,NA,NA,NA,NA,NA,NA,NA,NA,NA,NA,NA,NA,NA,NA,NA,NA,NA
2,87586,Thiago Santana,316,5,6,0.0,0.0,4.0,0.0,False,316,267,17/05/2015,NA,NA,NA,NA,NA,NA,NA,NA,NA,NA,NA,NA,NA,NA,NA,NA,NA,NA
2,37306,Gilson Kleina,314,6,7,2.03,2.03,3.98,0.98,True,285,314,17/05/2015,NA,NA,NA,NA,NA,NA,NA,NA,NA,NA,NA,NA,NA,NA,NA,NA,NA,NA
2,50439,Vilson,315,3,7,-2.0,-2.0,3.95,-3.05,True,264,315,16/05/2015,NA,5.0,NA,NA,NA,NA,NA,NA,NA,NA,1.0,NA,NA,NA,NA,NA,NA,NA
2,82896,Alisson Becker,285,1,7,-3.0,-3.0,3.95,-4.05,False,285,314,17/05/2015,NA,NA,NA,NA,NA,NA,NA,NA,NA,NA,NA,NA,NA,NA,NA,1.0,NA,3.0
2,78151,Vagner,314,1,7,1.0,1.0,3.95,-0.05,True,285,314,17/05/2015,NA,NA,NA,NA,NA,NA,NA,NA,NA,NA,NA,NA,NA,NA,NA,1.0,NA,1.0
2,82381,Juninho,303,4,6,0.9,0.9,3.88,-0.12,False,303,276,17/05/2015,NA,1.0,NA,NA,NA,NA,NA,NA,NA,1.0,1.0,NA,NA,NA,NA,NA,NA,NA
2,77911,Jean Deretti,316,4,7,-1.1,-1.1,3.88,-2.12,False,316,267,17/05/2015,NA,2.0,NA,NA,NA,NA,NA,1.0,NA,NA,NA,NA,NA,NA,NA,NA,NA,NA
2,90916,Everton,290,2,7,2.9,2.9,3.88,1.88,False,290,293,16/05/2015,NA,2.0,NA,NA,NA,NA,NA,1.0,NA,NA,2.0,NA,NA,NA,1.0,NA,NA,NA
2,78117,Everaldo,316,5,7,0.9,0.9,3.88,-0.12,False,316,267,17/05/2015,1.0,1.0,NA,NA,1.0,1.0,NA,1.0,NA,NA,1.0,NA,NA,NA,NA,NA,NA,NA
2,79866,Hemerson Maria,317,6,7,1.89,1.89,3.87,0.87,False,317,275,17/05/2015,NA,NA,NA,NA,NA,NA,NA,NA,NA,NA,NA,NA,NA,NA,NA,NA,NA,NA
2,73513,Maranhão,315,4,6,0.7,0.7,3.72,-0.28,True,264,315,16/05/2015,1.0,NA,NA,NA,NA,1.0,NA,NA,NA,NA,1.0,NA,NA,NA,NA,NA,NA,NA
2,68744,Emerson,264,5,6,0.2,0.2,15.19,-3.81,False,264,315,16/05/2015,2.0,1.0,NA,NA,NA,NA,NA,NA,NA,NA,1.0,NA,NA,NA,NA,NA,NA,NA
2,78435,Vitinho,285,5,7,1.2,1.2,15.19,-2.81,False,285,314,17/05/2015,1.0,8.0,NA,NA,NA,2.0,NA,NA,NA,1.0,NA,NA,NA,NA,NA,NA,NA,NA
2,37656,Fábio,283,1,7,-2.0,-2.0,15.03,-5.97,True,277,283,17/05/2015,NA,NA,NA,NA,NA,NA,NA,NA,NA,NA,NA,NA,NA,NA,NA,NA,NA,1.0
2,62121,Vanderlei,277,1,5,0.0,0.0,15.0,0.0,False,277,283,17/05/2015,NA,NA,NA,NA,NA,NA,NA,NA,NA,NA,NA,NA,NA,NA,NA,NA,NA,NA
2,63008,Rafael Toloi,276,3,6,0.0,0.0,15.0,0.0,True,303,276,17/05/2015,NA,NA,NA,NA,NA,NA,NA,NA,NA,NA,NA,NA,NA,NA,NA,NA,NA,NA
2,38398,Renato Augusto,264,4,6,0.0,0.0,15.0,0.0,False,264,315,16/05/2015,NA,NA,NA,NA,NA,NA,NA,NA,NA,NA,NA,NA,NA,NA,NA,NA,NA,NA
2,78578,Paulinho,262,5,6,0.0,0.0,15.0,0.0,False,262,292,17/05/2015,NA,NA,NA,NA,NA,NA,NA,NA,NA,NA,NA,NA,NA,NA,NA,NA,NA,NA
2,84263,Jemerson,282,3,6,0.0,0.0,15.0,0.0,False,282,266,17/05/2015,NA,NA,NA,NA,NA,NA,NA,NA,NA,NA,NA,NA,NA,NA,NA,NA,NA,NA
2,54395,Elias,264,4,6,0.0,0.0,15.0,0.0,False,264,315,16/05/2015,NA,NA,NA,NA,NA,NA,NA,NA,NA,NA,NA,NA,NA,NA,NA,NA,NA,NA
2,70360,Eduardo Sasha,285,5,6,0.0,0.0,15.0,0.0,False,285,314,17/05/2015,NA,NA,NA,NA,NA,NA,NA,NA,NA,NA,NA,NA,NA,NA,NA,NA,NA,NA
2,83266,Marcos Guilherme ,293,4,6,5.9,5.9,14.95,1.95,True,290,293,16/05/2015,3.0,1.0,1.0,NA,NA,1.0,NA,NA,NA,NA,2.0,NA,NA,NA,NA,NA,NA,NA
2,72731,Oliveira,317,1,7,12.4,12.4,14.55,8.55,False,317,275,17/05/2015,NA,2.0,NA,NA,NA,NA,NA,NA,NA,NA,NA,NA,NA,NA,NA,5.0,NA,1.0
2,73992,Rodinei,303,2,7,14.3,14.3,14.48,10.48,False,303,276,17/05/2015,3.0,2.0,2.0,NA,NA,NA,NA,NA,NA,2.0,NA,NA,NA,NA,NA,NA,NA,NA
2,72097,Giovanni,266,2,7,10.2,10.2,14.4,6.4,True,282,266,17/05/2015,2.0,3.0,NA,NA,1.0,1.0,NA,NA,NA,2.0,NA,NA,NA,NA,1.0,NA,NA,NA
2,71892,Wellington Silva,266,2,7,7.8,7.8,14.08,4.08,True,282,266,17/05/2015,1.0,6.0,NA,NA,NA,1.0,NA,NA,NA,2.0,NA,NA,NA,NA,1.0,NA,NA,NA
2,84848,Erik,290,5,5,0.0,0.0,14.0,0.0,False,290,293,16/05/2015,NA,NA,NA,NA,NA,NA,NA,NA,NA,NA,NA,NA,NA,NA,NA,NA,NA,NA
2,62009,Camilo,315,4,7,5.7,5.7,14.0,2.0,True,264,315,16/05/2015,1.0,6.0,NA,NA,1.0,2.0,NA,NA,NA,3.0,1.0,NA,NA,NA,NA,NA,NA,NA
2,36540,Juan,285,3,6,0.0,0.0,14.0,0.0,False,285,314,17/05/2015,NA,NA,NA,NA,NA,NA,NA,NA,NA,NA,NA,NA,NA,NA,NA,NA,NA,NA
2,88269,Centurión,276,5,6,0.0,0.0,14.0,0.0,True,303,276,17/05/2015,NA,NA,NA,NA,NA,NA,NA,NA,NA,NA,NA,NA,NA,NA,NA,NA,NA,NA
2,68925,Leonardo Silva,282,3,6,0.0,0.0,14.0,0.0,False,282,266,17/05/2015,NA,NA,NA,NA,NA,NA,NA,NA,NA,NA,NA,NA,NA,NA,NA,NA,NA,NA
2,54250,Maylson,315,4,6,0.0,0.0,4.75,-1.25,True,264,315,16/05/2015,NA,NA,NA,NA,NA,NA,NA,NA,NA,NA,NA,NA,NA,NA,NA,NA,NA,NA
2,78994,Eduardo,282,4,7,4.9,4.9,4.67,3.67,False,282,266,17/05/2015,NA,1.0,1.0,NA,NA,1.0,NA,NA,NA,NA,1.0,NA,NA,NA,NA,NA,NA,NA
2,86757,Everton,284,5,6,2.9,2.9,4.67,1.67,True,294,284,16/05/2015,1.0,NA,NA,NA,NA,1.0,NA,NA,NA,1.0,NA,NA,NA,NA,NA,NA,NA,NA
2,84927,Dodô,282,4,6,-1.1,-1.1,4.67,-2.33,False,282,266,17/05/2015,NA,2.0,NA,NA,NA,NA,NA,NA,NA,NA,1.0,NA,NA,NA,NA,NA,NA,NA
2,63058,Willian Farias,283,4,6,-0.3,-0.3,4.51,-1.49,True,277,283,17/05/2015,NA,1.0,NA,NA,NA,NA,NA,NA,NA,NA,NA,NA,NA,NA,NA,NA,NA,NA
2,90303,Lincoln,284,4,7,-0.3,-0.3,4.51,-1.49,True,294,284,16/05/2015,NA,1.0,NA,NA,NA,NA,NA,NA,NA,NA,NA,NA,NA,NA,NA,NA,NA,NA
2,88850,Marco Damasceno ,293,5,7,0.7,0.7,4.51,-0.49,True,290,293,16/05/2015,2.0,1.0,NA,NA,NA,NA,NA,NA,NA,NA,NA,NA,NA,NA,NA,NA,NA,NA
2,89154,Gabriel Jesus,275,5,7,-0.4,-0.4,4.43,-1.57,True,317,275,17/05/2015,1.0,2.0,NA,NA,1.0,1.0,NA,1.0,NA,NA,3.0,NA,NA,NA,NA,NA,NA,NA
2,70944,Bruno Henrique,264,4,7,-1.4,-1.4,4.43,-2.57,False,264,315,16/05/2015,1.0,3.0,NA,NA,NA,NA,NA,NA,NA,NA,2.0,NA,NA,NA,NA,NA,NA,NA
2,82764,Rafael Forster,290,2,7,1.5,1.5,4.35,0.35,False,290,293,16/05/2015,2.0,5.0,NA,NA,NA,NA,NA,NA,NA,NA,2.0,NA,1.0,NA,1.0,NA,NA,NA
2,78967,Dudu,316,5,7,-0.5,-0.5,4.35,-1.65,False,316,267,17/05/2015,1.0,NA,NA,NA,NA,NA,NA,1.0,NA,NA,1.0,NA,NA,NA,NA,NA,NA,NA
2,63000,Victor Ramos,275,3,7,0.4,0.4,4.27,-0.73,True,317,275,17/05/2015,1.0,1.0,NA,NA,NA,NA,NA,NA,NA,1.0,3.0,NA,NA,NA,NA,NA,NA,NA
2,38061,Edcarlos,282,3,7,1.4,1.4,4.27,0.27,False,282,266,17/05/2015,NA,1.0,NA,NA,NA,NA,NA,NA,NA,1.0,NA,NA,NA,NA,NA,NA,NA,NA
2,50324,Hudson,276,4,7,0.3,0.3,4.19,-0.81,True,303,276,17/05/2015,NA,2.0,NA,NA,NA,NA,NA,NA,NA,2.0,1.0,NA,1.0,NA,NA,NA,NA,NA
2,69165,Pablo,303,3,7,2.3,2.3,4.19,1.19,False,303,276,17/05/2015,NA,2.0,NA,NA,NA,NA,NA,NA,NA,2.0,1.0,NA,NA,NA,NA,NA,NA,NA
2,71844,Thiago Galhardo,294,4,6,-0.8,-0.8,4.11,-1.89,False,294,284,16/05/2015,NA,1.0,NA,NA,NA,NA,NA,NA,NA,NA,1.0,NA,NA,NA,NA,NA,NA,NA
2,82503,Rodolfo,294,4,6,0.2,0.2,4.11,-0.89,False,294,284,16/05/2015,1.0,1.0,NA,NA,NA,NA,NA,NA,NA,NA,NA,NA,NA,NA,NA,NA,NA,NA
2,72871,Cárdenas,282,4,7,0.2,0.2,4.11,-0.89,False,282,266,17/05/2015,1.0,4.0,NA,NA,NA,1.0,NA,1.0,NA,1.0,2.0,NA,NA,NA,NA,NA,NA,NA
2,83688,Luan,316,4,5,0.0,0.0,4.0,0.0,False,316,267,17/05/2015,NA,NA,NA,NA,NA,NA,NA,NA,NA,NA,NA,NA,NA,NA,NA,NA,NA,NA
2,69782,Dener Assunção,315,2,6,0.0,0.0,4.0,0.0,True,264,315,16/05/2015,NA,NA,NA,NA,NA,NA,NA,NA,NA,NA,NA,NA,NA,NA,NA,NA,NA,NA
2,81612,Fernando Viana,317,5,6,0.0,0.0,4.0,0.0,False,317,275,17/05/2015,NA,NA,NA,NA,NA,NA,NA,NA,NA,NA,NA,NA,NA,NA,NA,NA,NA,NA
2,84381,Rafinha,293,4,6,0.0,0.0,4.0,0.0,True,290,293,16/05/2015,NA,NA,NA,NA,NA,NA,NA,NA,NA,NA,NA,NA,NA,NA,NA,NA,NA,NA
2,77529,Leandro Silva,316,2,6,0.0,0.0,4.0,0.0,False,316,267,17/05/2015,NA,NA,NA,NA,NA,NA,NA,NA,NA,NA,NA,NA,NA,NA,NA,NA,NA,NA
2,79066,Alex ,316,1,6,0.0,0.0,4.0,0.0,False,316,267,17/05/2015,NA,NA,NA,NA,NA,NA,NA,NA,NA,NA,NA,NA,NA,NA,NA,NA,NA,NA
2,50393,Thiego,315,3,6,0.0,0.0,4.0,0.0,True,264,315,16/05/2015,NA,NA,NA,NA,NA,NA,NA,NA,NA,NA,NA,NA,NA,NA,NA,NA,NA,NA
2,80553,Guilherme Lazaroni,316,2,6,0.0,0.0,4.0,0.0,False,316,267,17/05/2015,NA,NA,NA,NA,NA,NA,NA,NA,NA,NA,NA,NA,NA,NA,NA,NA,NA,NA
2,73318,Daniel Borges,293,2,6,0.0,0.0,4.0,0.0,True,290,293,16/05/2015,NA,NA,NA,NA,NA,NA,NA,NA,NA,NA,NA,NA,NA,NA,NA,NA,NA,NA
2,69015,Heracles,317,2,5,0.0,0.0,4.0,0.0,False,317,275,17/05/2015,NA,NA,NA,NA,NA,NA,NA,NA,NA,NA,NA,NA,NA,NA,NA,NA,NA,NA
2,38446,Nei,267,2,5,0.0,0.0,4.0,0.0,True,316,267,17/05/2015,NA,NA,NA,NA,NA,NA,NA,NA,NA,NA,NA,NA,NA,NA,NA,NA,NA,NA
2,87732,Carlos Henrique,316,5,6,0.0,0.0,4.0,0.0,False,316,267,17/05/2015,NA,NA,NA,NA,NA,NA,NA,NA,NA,NA,NA,NA,NA,NA,NA,NA,NA,NA
2,78176,Harrison,293,4,6,0.0,0.0,4.0,0.0,True,290,293,16/05/2015,NA,NA,NA,NA,NA,NA,NA,NA,NA,NA,NA,NA,NA,NA,NA,NA,NA,NA
2,83683,Andrei Girotto,275,4,6,0.0,0.0,4.0,0.0,True,317,275,17/05/2015,NA,NA,NA,NA,NA,NA,NA,NA,NA,NA,NA,NA,NA,NA,NA,NA,NA,NA
2,69143,Diego Ivo,303,3,6,0.0,0.0,4.0,0.0,False,303,276,17/05/2015,NA,NA,NA,NA,NA,NA,NA,NA,NA,NA,NA,NA,NA,NA,NA,NA,NA,NA
2,78580,Jonathan Cafu,276,5,6,0.0,0.0,4.0,0.0,True,303,276,17/05/2015,NA,NA,NA,NA,NA,NA,NA,NA,NA,NA,NA,NA,NA,NA,NA,NA,NA,NA
2,69051,Danilo Fernandes,292,1,6,0.0,0.0,4.0,0.0,True,262,292,17/05/2015,NA,NA,NA,NA,NA,NA,NA,NA,NA,NA,NA,NA,NA,NA,NA,NA,NA,NA
2,73527,Willian Rocha,314,2,6,0.0,0.0,4.0,0.0,True,285,314,17/05/2015,NA,NA,NA,NA,NA,NA,NA,NA,NA,NA,NA,NA,NA,NA,NA,NA,NA,NA
2,86391,Sander,314,2,6,0.0,0.0,4.0,0.0,True,285,314,17/05/2015,NA,NA,NA,NA,NA,NA,NA,NA,NA,NA,NA,NA,NA,NA,NA,NA,NA,NA
2,73445,Denner,314,4,6,0.0,0.0,4.0,0.0,True,285,314,17/05/2015,NA,NA,NA,NA,NA,NA,NA,NA,NA,NA,NA,NA,NA,NA,NA,NA,NA,NA
2,73644,Ivan,294,2,6,0.0,0.0,4.0,0.0,False,294,284,16/05/2015,NA,NA,NA,NA,NA,NA,NA,NA,NA,NA,NA,NA,NA,NA,NA,NA,NA,NA
2,51168,André Paulino,315,3,6,0.0,0.0,4.0,0.0,True,264,315,16/05/2015,NA,NA,NA,NA,NA,NA,NA,NA,NA,NA,NA,NA,NA,NA,NA,NA,NA,NA
2,68911,Diego Souza,292,4,7,18.9,18.9,32.35,10.35,True,262,292,17/05/2015,3.0,1.0,NA,NA,1.0,NA,2.0,NA,NA,1.0,2.0,NA,NA,NA,NA,NA,NA,NA
2,86759,Luan,284,5,7,14.1,14.1,30.93,5.93,True,294,284,16/05/2015,3.0,1.0,2.0,NA,NA,NA,NA,NA,NA,2.0,1.0,NA,NA,NA,NA,NA,NA,NA
2,75295,Paolo Guerrero,264,5,6,0.0,0.0,30.0,0.0,False,264,315,16/05/2015,NA,NA,NA,NA,NA,NA,NA,NA,NA,NA,NA,NA,NA,NA,NA,NA,NA,NA
2,38246,Robinho,277,5,7,8.2,8.2,29.42,0.42,False,277,283,17/05/2015,NA,5.0,NA,NA,NA,NA,1.0,NA,NA,1.0,NA,NA,NA,NA,NA,NA,NA,NA
2,62023,D'Alessandro,285,4,6,0.0,0.0,27.0,0.0,False,285,314,17/05/2015,NA,NA,NA,NA,NA,NA,NA,NA,NA,NA,NA,NA,NA,NA,NA,NA,NA,NA
2,38162,Fred,266,5,7,3.1,3.1,26.18,-3.82,True,282,266,17/05/2015,NA,1.0,NA,NA,2.0,2.0,NA,NA,NA,NA,NA,NA,NA,NA,NA,NA,NA,NA
2,68953,Leandro Damião,283,5,6,0.0,0.0,26.0,0.0,True,277,283,17/05/2015,NA,NA,NA,NA,NA,NA,NA,NA,NA,NA,NA,NA,NA,NA,NA,NA,NA,NA
2,73649,Lucas Pratto,282,5,6,0.0,0.0,26.0,0.0,False,282,266,17/05/2015,NA,NA,NA,NA,NA,NA,NA,NA,NA,NA,NA,NA,NA,NA,NA,NA,NA,NA
2,36612,Zé Roberto,275,2,7,7.8,7.8,25.94,0.94,True,317,275,17/05/2015,2.0,2.0,1.0,NA,NA,NA,NA,NA,NA,2.0,2.0,NA,NA,NA,NA,NA,NA,NA
2,63219,Luan,282,5,6,0.0,0.0,25.0,0.0,False,282,266,17/05/2015,NA,NA,NA,NA,NA,NA,NA,NA,NA,NA,NA,NA,NA,NA,NA,NA,NA,NA
2,50301,Everton,262,4,7,8.2,8.2,24.68,1.68,False,262,292,17/05/2015,2.0,5.0,NA,NA,1.0,NA,1.0,3.0,NA,1.0,1.0,NA,NA,NA,NA,NA,NA,NA
2,38055,Rogério Ceni,276,1,7,3.7,3.7,24.28,-2.72,True,303,276,17/05/2015,NA,1.0,NA,NA,NA,NA,NA,NA,NA,NA,NA,NA,NA,NA,NA,2.0,NA,1.0
2,37770,Marcelo Grohe,284,1,7,2.4,2.4,24.05,-3.95,True,294,284,16/05/2015,NA,2.0,NA,NA,NA,NA,NA,NA,NA,NA,NA,NA,NA,NA,NA,3.0,NA,3.0
2,68923,Gil,264,3,6,0.0,0.0,24.0,0.0,False,264,315,16/05/2015,NA,NA,NA,NA,NA,NA,NA,NA,NA,NA,NA,NA,NA,NA,NA,NA,NA,NA
2,87863,De Arrascaeta,283,4,6,0.0,0.0,23.0,0.0,True,277,283,17/05/2015,NA,NA,NA,NA,NA,NA,NA,NA,NA,NA,NA,NA,NA,NA,NA,NA,NA,NA
2,80370,Edson,266,4,7,12.0,12.0,22.94,5.94,True,282,266,17/05/2015,3.0,4.0,NA,1.0,NA,1.0,NA,NA,NA,5.0,2.0,NA,NA,NA,NA,NA,NA,NA
2,62128,Walter,293,5,7,10.0,10.0,22.94,3.94,True,290,293,16/05/2015,1.0,3.0,NA,NA,2.0,1.0,1.0,1.0,NA,1.0,3.0,NA,NA,NA,NA,NA,NA,NA
2,82456,Rafhael Lucas,294,5,7,8.9,8.9,22.86,2.86,False,294,284,16/05/2015,2.0,2.0,NA,NA,1.0,NA,1.0,NA,NA,NA,1.0,NA,NA,NA,NA,NA,NA,NA
2,51319,Renato Cajá,303,4,7,10.5,10.5,21.75,4.75,False,303,276,17/05/2015,NA,7.0,NA,NA,3.0,1.0,1.0,NA,NA,2.0,1.0,NA,1.0,NA,NA,NA,NA,NA
2,71631,Weverton,293,1,7,11.5,11.5,21.75,5.75,True,290,293,16/05/2015,1.0,NA,NA,NA,NA,NA,NA,NA,NA,NA,NA,NA,NA,NA,1.0,2.0,NA,NA
2,84861,Alex Silva,292,2,5,0.0,0.0,5.0,0.0,True,262,292,17/05/2015,NA,NA,NA,NA,NA,NA,NA,NA,NA,NA,NA,NA,NA,NA,NA,NA,NA,NA
2,71593,Henrique Mattos,292,3,6,0.0,0.0,5.0,0.0,True,262,292,17/05/2015,NA,NA,NA,NA,NA,NA,NA,NA,NA,NA,NA,NA,NA,NA,NA,NA,NA,NA
2,36443,Dida,285,1,6,0.0,0.0,5.0,0.0,False,285,314,17/05/2015,NA,NA,NA,NA,NA,NA,NA,NA,NA,NA,NA,NA,NA,NA,NA,NA,NA,NA
2,53896,Sandro Silva,267,4,6,0.0,0.0,5.0,0.0,True,316,267,17/05/2015,NA,NA,NA,NA,NA,NA,NA,NA,NA,NA,NA,NA,NA,NA,NA,NA,NA,NA
2,82525,Rodrigo Biro,303,2,6,0.0,0.0,5.0,0.0,False,303,276,17/05/2015,NA,NA,NA,NA,NA,NA,NA,NA,NA,NA,NA,NA,NA,NA,NA,NA,NA,NA
2,86410,Victor Luis,275,4,6,0.0,0.0,5.0,0.0,True,317,275,17/05/2015,NA,NA,NA,NA,NA,NA,NA,NA,NA,NA,NA,NA,NA,NA,NA,NA,NA,NA
2,71995,Hugo,314,5,6,0.0,0.0,5.0,0.0,True,285,314,17/05/2015,NA,NA,NA,NA,NA,NA,NA,NA,NA,NA,NA,NA,NA,NA,NA,NA,NA,NA
2,82703,Matheus Biteco,284,4,6,0.0,0.0,5.0,0.0,True,294,284,16/05/2015,NA,NA,NA,NA,NA,NA,NA,NA,NA,NA,NA,NA,NA,NA,NA,NA,NA,NA
2,68827,Renato Chaves,303,3,7,0.0,0.0,5.0,0.0,False,303,276,17/05/2015,NA,NA,NA,NA,NA,NA,NA,NA,NA,NA,NA,NA,NA,NA,NA,NA,NA,NA
2,68928,Rafael,283,1,6,0.0,0.0,5.0,0.0,True,277,283,17/05/2015,NA,NA,NA,NA,NA,NA,NA,NA,NA,NA,NA,NA,NA,NA,NA,NA,NA,NA
2,70916,Diogo Goiano,290,2,3,0.0,0.0,5.0,0.0,False,290,293,16/05/2015,NA,NA,NA,NA,NA,NA,NA,NA,NA,NA,NA,NA,NA,NA,NA,NA,NA,NA
2,83255,Giva,294,5,5,0.0,0.0,5.0,0.0,False,294,284,16/05/2015,NA,NA,NA,NA,NA,NA,NA,NA,NA,NA,NA,NA,NA,NA,NA,NA,NA,NA
2,68690,André,282,5,6,0.0,0.0,5.0,0.0,False,282,266,17/05/2015,NA,NA,NA,NA,NA,NA,NA,NA,NA,NA,NA,NA,NA,NA,NA,NA,NA,NA
2,80441,Bonfim ,294,3,5,0.0,0.0,5.0,0.0,False,294,284,16/05/2015,NA,NA,NA,NA,NA,NA,NA,NA,NA,NA,NA,NA,NA,NA,NA,NA,NA,NA
2,80323,Marrone,314,2,6,0.0,0.0,5.0,0.0,True,285,314,17/05/2015,NA,NA,NA,NA,NA,NA,NA,NA,NA,NA,NA,NA,NA,NA,NA,NA,NA,NA
2,73863,Claudinei,314,4,6,0.0,0.0,5.0,0.0,True,285,314,17/05/2015,NA,NA,NA,NA,NA,NA,NA,NA,NA,NA,NA,NA,NA,NA,NA,NA,NA,NA
2,79892,Nenén,315,4,6,0.0,0.0,5.0,0.0,True,264,315,16/05/2015,NA,NA,NA,NA,NA,NA,NA,NA,NA,NA,NA,NA,NA,NA,NA,NA,NA,NA
2,78977,Bruno Mendes,314,5,6,0.0,0.0,5.0,0.0,True,285,314,17/05/2015,NA,NA,NA,NA,NA,NA,NA,NA,NA,NA,NA,NA,NA,NA,NA,NA,NA,NA
2,78407,Douglas Grolli,283,3,6,0.0,0.0,5.0,0.0,True,277,283,17/05/2015,NA,NA,NA,NA,NA,NA,NA,NA,NA,NA,NA,NA,NA,NA,NA,NA,NA,NA
2,79535,Vaná,294,1,6,0.0,0.0,5.0,0.0,False,294,284,16/05/2015,NA,NA,NA,NA,NA,NA,NA,NA,NA,NA,NA,NA,NA,NA,NA,NA,NA,NA
2,68873,Paulo Victor,262,1,7,1.4,1.4,5.06,0.06,False,262,292,17/05/2015,NA,2.0,NA,NA,NA,NA,NA,NA,NA,NA,NA,NA,NA,NA,NA,2.0,NA,2.0
2,69040,Vladimir,277,1,7,0.4,0.4,5.06,-0.94,False,277,283,17/05/2015,NA,2.0,NA,NA,NA,NA,NA,NA,NA,NA,NA,NA,NA,NA,NA,1.0,NA,1.0
2,79228,Bruno Furlan,317,5,5,0.0,0.0,5.0,0.0,False,317,275,17/05/2015,NA,NA,NA,NA,NA,NA,NA,NA,NA,NA,NA,NA,NA,NA,NA,NA,NA,NA
2,70915,Luis Felipe,317,2,6,0.0,0.0,5.0,0.0,False,317,275,17/05/2015,NA,NA,NA,NA,NA,NA,NA,NA,NA,NA,NA,NA,NA,NA,NA,NA,NA,NA
2,78648,Dráusio,317,3,6,0.0,0.0,5.0,0.0,False,317,275,17/05/2015,NA,NA,NA,NA,NA,NA,NA,NA,NA,NA,NA,NA,NA,NA,NA,NA,NA,NA
2,51175,Denis,276,1,5,0.0,0.0,5.0,0.0,True,303,276,17/05/2015,NA,NA,NA,NA,NA,NA,NA,NA,NA,NA,NA,NA,NA,NA,NA,NA,NA,NA
2,80576,Renato,275,4,6,0.0,0.0,5.0,0.0,True,317,275,17/05/2015,NA,NA,NA,NA,NA,NA,NA,NA,NA,NA,NA,NA,NA,NA,NA,NA,NA,NA
2,37718,Arouca,275,4,5,0.0,0.0,5.0,0.0,True,317,275,17/05/2015,NA,NA,NA,NA,NA,NA,NA,NA,NA,NA,NA,NA,NA,NA,NA,NA,NA,NA
2,73085,Leandro,275,5,6,0.0,0.0,5.0,0.0,True,317,275,17/05/2015,NA,NA,NA,NA,NA,NA,NA,NA,NA,NA,NA,NA,NA,NA,NA,NA,NA,NA
2,84893,Henrique ,267,2,6,0.0,0.0,5.0,0.0,True,316,267,17/05/2015,NA,NA,NA,NA,NA,NA,NA,NA,NA,NA,NA,NA,NA,NA,NA,NA,NA,NA
2,89156,Nathan,275,3,6,0.0,0.0,5.0,0.0,True,317,275,17/05/2015,NA,NA,NA,NA,NA,NA,NA,NA,NA,NA,NA,NA,NA,NA,NA,NA,NA,NA
2,71507,Edson Silva,276,3,6,0.0,0.0,5.0,0.0,True,303,276,17/05/2015,NA,NA,NA,NA,NA,NA,NA,NA,NA,NA,NA,NA,NA,NA,NA,NA,NA,NA
2,81223,Erazo,284,3,6,0.0,0.0,5.0,0.0,True,294,284,16/05/2015,NA,NA,NA,NA,NA,NA,NA,NA,NA,NA,NA,NA,NA,NA,NA,NA,NA,NA
2,80394,Matheus Inácio,303,1,6,0.0,0.0,5.0,0.0,False,303,276,17/05/2015,NA,NA,NA,NA,NA,NA,NA,NA,NA,NA,NA,NA,NA,NA,NA,NA,NA,NA
2,91702,Leandro,303,5,6,0.0,0.0,5.0,0.0,False,303,276,17/05/2015,NA,NA,NA,NA,NA,NA,NA,NA,NA,NA,NA,NA,NA,NA,NA,NA,NA,NA
2,68808,Nino Paraíba,314,2,6,0.0,0.0,5.0,0.0,True,285,314,17/05/2015,NA,NA,NA,NA,NA,NA,NA,NA,NA,NA,NA,NA,NA,NA,NA,NA,NA,NA
2,86837,Diego Cardoso,277,5,6,0.0,0.0,5.0,0.0,False,277,283,17/05/2015,NA,NA,NA,NA,NA,NA,NA,NA,NA,NA,NA,NA,NA,NA,NA,NA,NA,NA
2,89342,Caju,277,2,6,0.0,0.0,5.0,0.0,False,277,283,17/05/2015,NA,NA,NA,NA,NA,NA,NA,NA,NA,NA,NA,NA,NA,NA,NA,NA,NA,NA
2,78530,Matheus Bertotto,285,4,5,0.0,0.0,5.0,0.0,False,285,314,17/05/2015,NA,NA,NA,NA,NA,NA,NA,NA,NA,NA,NA,NA,NA,NA,NA,NA,NA,NA
2,73750,Nicolás Freitas,285,4,6,0.0,0.0,5.0,0.0,False,285,314,17/05/2015,NA,NA,NA,NA,NA,NA,NA,NA,NA,NA,NA,NA,NA,NA,NA,NA,NA,NA
2,44857,Naldinho,292,4,6,0.0,0.0,3.0,0.0,True,262,292,17/05/2015,NA,NA,NA,NA,NA,NA,NA,NA,NA,NA,NA,NA,NA,NA,NA,NA,NA,NA
2,82749,Eberson,294,3,6,0.0,0.0,3.0,0.0,False,294,284,16/05/2015,NA,NA,NA,NA,NA,NA,NA,NA,NA,NA,NA,NA,NA,NA,NA,NA,NA,NA
2,90334,Araújo,284,4,6,0.0,0.0,3.0,0.0,True,294,284,16/05/2015,NA,NA,NA,NA,NA,NA,NA,NA,NA,NA,NA,NA,NA,NA,NA,NA,NA,NA
2,82616,Conrado,314,5,6,0.0,0.0,3.0,0.0,True,285,314,17/05/2015,NA,NA,NA,NA,NA,NA,NA,NA,NA,NA,NA,NA,NA,NA,NA,NA,NA,NA
2,82455,Zé Rafael ,294,4,6,0.0,0.0,3.0,0.0,False,294,284,16/05/2015,NA,NA,NA,NA,NA,NA,NA,NA,NA,NA,NA,NA,NA,NA,NA,NA,NA,NA
2,82463,Otávio ,293,4,6,0.0,0.0,3.0,0.0,True,290,293,16/05/2015,NA,NA,NA,NA,NA,NA,NA,NA,NA,NA,NA,NA,NA,NA,NA,NA,NA,NA
2,39572,Renato,266,2,6,0.0,0.0,3.0,0.0,True,282,266,17/05/2015,NA,NA,NA,NA,NA,NA,NA,NA,NA,NA,NA,NA,NA,NA,NA,NA,NA,NA
2,91228,Arthur,290,4,6,0.0,0.0,3.0,0.0,False,290,293,16/05/2015,NA,NA,NA,NA,NA,NA,NA,NA,NA,NA,NA,NA,NA,NA,NA,NA,NA,NA
2,85149,Ronaldo,292,4,5,0.0,0.0,3.0,0.0,True,262,292,17/05/2015,NA,NA,NA,NA,NA,NA,NA,NA,NA,NA,NA,NA,NA,NA,NA,NA,NA,NA
2,87747,Yago,316,4,6,0.0,0.0,3.0,0.0,False,316,267,17/05/2015,NA,NA,NA,NA,NA,NA,NA,NA,NA,NA,NA,NA,NA,NA,NA,NA,NA,NA
2,37695,Diego,314,1,6,0.0,0.0,3.0,0.0,True,285,314,17/05/2015,NA,NA,NA,NA,NA,NA,NA,NA,NA,NA,NA,NA,NA,NA,NA,NA,NA,NA
2,73502,Revson,314,4,6,0.0,0.0,3.0,0.0,True,285,314,17/05/2015,NA,NA,NA,NA,NA,NA,NA,NA,NA,NA,NA,NA,NA,NA,NA,NA,NA,NA
2,88430,Luiz Carlos ,292,1,6,0.0,0.0,3.0,0.0,True,262,292,17/05/2015,NA,NA,NA,NA,NA,NA,NA,NA,NA,NA,NA,NA,NA,NA,NA,NA,NA,NA
2,86842,Ewandro,276,5,7,0.0,0.0,3.0,0.0,True,303,276,17/05/2015,NA,NA,NA,NA,NA,NA,NA,NA,NA,NA,NA,NA,NA,NA,NA,NA,NA,NA
2,71037,Clayton Sales,290,2,6,0.0,0.0,3.0,0.0,False,290,293,16/05/2015,NA,NA,NA,NA,NA,NA,NA,NA,NA,NA,NA,NA,NA,NA,NA,NA,NA,NA
2,63018,Guilherme Andrade,264,2,6,0.0,0.0,3.0,0.0,False,264,315,16/05/2015,NA,NA,NA,NA,NA,NA,NA,NA,NA,NA,NA,NA,NA,NA,NA,NA,NA,NA
2,91001,Evandro,292,2,6,0.0,0.0,3.0,0.0,True,262,292,17/05/2015,NA,NA,NA,NA,NA,NA,NA,NA,NA,NA,NA,NA,NA,NA,NA,NA,NA,NA
2,83395,Wanderson,303,5,6,0.0,0.0,3.0,0.0,False,303,276,17/05/2015,NA,NA,NA,NA,NA,NA,NA,NA,NA,NA,NA,NA,NA,NA,NA,NA,NA,NA
2,71784,Júnior Lopes,290,3,6,0.0,0.0,3.0,0.0,False,290,293,16/05/2015,NA,NA,NA,NA,NA,NA,NA,NA,NA,NA,NA,NA,NA,NA,NA,NA,NA,NA
2,86588,Ícaro,294,4,6,0.0,0.0,3.0,0.0,False,294,284,16/05/2015,NA,NA,NA,NA,NA,NA,NA,NA,NA,NA,NA,NA,NA,NA,NA,NA,NA,NA
2,90302,Pedro Rocha,284,5,6,0.0,0.0,1.0,0.0,True,294,284,16/05/2015,NA,NA,NA,NA,NA,NA,NA,NA,NA,NA,NA,NA,NA,NA,NA,NA,NA,NA
2,90531,Raul,284,2,6,0.0,0.0,1.0,0.0,True,294,284,16/05/2015,NA,NA,NA,NA,NA,NA,NA,NA,NA,NA,NA,NA,NA,NA,NA,NA,NA,NA
2,85004,Marcos Felipe ,266,1,6,0.0,0.0,1.0,0.0,True,282,266,17/05/2015,NA,NA,NA,NA,NA,NA,NA,NA,NA,NA,NA,NA,NA,NA,NA,NA,NA,NA
2,91888,Kevin ,314,2,6,0.0,0.0,1.0,0.0,True,285,314,17/05/2015,NA,NA,NA,NA,NA,NA,NA,NA,NA,NA,NA,NA,NA,NA,NA,NA,NA,NA
2,83048,Rafael Thyere,284,3,6,0.0,0.0,1.0,0.0,True,294,284,16/05/2015,NA,NA,NA,NA,NA,NA,NA,NA,NA,NA,NA,NA,NA,NA,NA,NA,NA,NA
2,90331,Vitor,284,1,6,0.0,0.0,1.0,0.0,True,294,284,16/05/2015,NA,NA,NA,NA,NA,NA,NA,NA,NA,NA,NA,NA,NA,NA,NA,NA,NA,NA
2,82943,Matheus Ribeiro,293,2,6,0.0,0.0,1.0,0.0,True,290,293,16/05/2015,NA,NA,NA,NA,NA,NA,NA,NA,NA,NA,NA,NA,NA,NA,NA,NA,NA,NA
2,89976,Geferson,285,2,5,0.0,0.0,1.0,0.0,False,285,314,17/05/2015,NA,NA,NA,NA,NA,NA,NA,NA,NA,NA,NA,NA,NA,NA,NA,NA,NA,NA
2,86615,Malcoon,303,2,6,0.0,0.0,1.0,0.0,False,303,276,17/05/2015,NA,NA,NA,NA,NA,NA,NA,NA,NA,NA,NA,NA,NA,NA,NA,NA,NA,NA
2,90300,Julen,275,4,6,0.0,0.0,1.0,0.0,True,317,275,17/05/2015,NA,NA,NA,NA,NA,NA,NA,NA,NA,NA,NA,NA,NA,NA,NA,NA,NA,NA
2,87810,Gabriel Leite,275,4,6,0.0,0.0,1.0,0.0,True,317,275,17/05/2015,NA,NA,NA,NA,NA,NA,NA,NA,NA,NA,NA,NA,NA,NA,NA,NA,NA,NA
2,91263,Jajá,262,4,6,0.0,0.0,1.0,0.0,False,262,292,17/05/2015,NA,NA,NA,NA,NA,NA,NA,NA,NA,NA,NA,NA,NA,NA,NA,NA,NA,NA
2,91808,Caique,264,1,6,0.0,0.0,1.0,0.0,False,264,315,16/05/2015,NA,NA,NA,NA,NA,NA,NA,NA,NA,NA,NA,NA,NA,NA,NA,NA,NA,NA
2,81219,Thallyson,262,2,6,0.0,0.0,1.0,0.0,False,262,292,17/05/2015,NA,NA,NA,NA,NA,NA,NA,NA,NA,NA,NA,NA,NA,NA,NA,NA,NA,NA
2,89275,William,285,2,6,0.0,0.0,1.0,0.0,False,285,314,17/05/2015,NA,NA,NA,NA,NA,NA,NA,NA,NA,NA,NA,NA,NA,NA,NA,NA,NA,NA
2,91842,Breno,293,2,6,0.0,0.0,1.0,0.0,True,290,293,16/05/2015,NA,NA,NA,NA,NA,NA,NA,NA,NA,NA,NA,NA,NA,NA,NA,NA,NA,NA
2,90311,Bryan Olivera,266,4,6,0.0,0.0,1.0,0.0,True,282,266,17/05/2015,NA,NA,NA,NA,NA,NA,NA,NA,NA,NA,NA,NA,NA,NA,NA,NA,NA,NA
2,91866,José Ivaldo,293,3,6,0.0,0.0,1.0,0.0,True,290,293,16/05/2015,NA,NA,NA,NA,NA,NA,NA,NA,NA,NA,NA,NA,NA,NA,NA,NA,NA,NA
2,87008,Léo,284,1,6,0.0,0.0,1.0,0.0,True,294,284,16/05/2015,NA,NA,NA,NA,NA,NA,NA,NA,NA,NA,NA,NA,NA,NA,NA,NA,NA,NA
2,40130,Silvio,315,1,5,0.0,0.0,1.0,0.0,True,264,315,16/05/2015,NA,NA,NA,NA,NA,NA,NA,NA,NA,NA,NA,NA,NA,NA,NA,NA,NA,NA
2,88054,Diogo Sodré,294,4,6,0.0,0.0,4.0,0.0,False,294,284,16/05/2015,NA,NA,NA,NA,NA,NA,NA,NA,NA,NA,NA,NA,NA,NA,NA,NA,NA,NA
2,78235,Leandrinho,277,4,6,0.0,0.0,4.0,0.0,False,277,283,17/05/2015,NA,NA,NA,NA,NA,NA,NA,NA,NA,NA,NA,NA,NA,NA,NA,NA,NA,NA
2,73855,Jubal,277,3,6,0.0,0.0,4.0,0.0,False,277,283,17/05/2015,NA,NA,NA,NA,NA,NA,NA,NA,NA,NA,NA,NA,NA,NA,NA,NA,NA,NA
2,73876,Jomar,267,3,6,0.0,0.0,4.0,0.0,True,316,267,17/05/2015,NA,NA,NA,NA,NA,NA,NA,NA,NA,NA,NA,NA,NA,NA,NA,NA,NA,NA
2,73860,Thiago Carvalho,283,3,6,0.0,0.0,4.0,0.0,True,277,283,17/05/2015,NA,NA,NA,NA,NA,NA,NA,NA,NA,NA,NA,NA,NA,NA,NA,NA,NA,NA
2,87750,Lorran,267,2,6,0.0,0.0,4.0,0.0,True,316,267,17/05/2015,NA,NA,NA,NA,NA,NA,NA,NA,NA,NA,NA,NA,NA,NA,NA,NA,NA,NA
2,70934,Jackson,275,3,5,0.0,0.0,4.0,0.0,True,317,275,17/05/2015,NA,NA,NA,NA,NA,NA,NA,NA,NA,NA,NA,NA,NA,NA,NA,NA,NA,NA
2,86409,Lucas Olaza,293,2,6,0.0,0.0,4.0,0.0,True,290,293,16/05/2015,NA,NA,NA,NA,NA,NA,NA,NA,NA,NA,NA,NA,NA,NA,NA,NA,NA,NA
2,89273,João Pedro ,275,2,6,0.0,0.0,4.0,0.0,True,317,275,17/05/2015,NA,NA,NA,NA,NA,NA,NA,NA,NA,NA,NA,NA,NA,NA,NA,NA,NA,NA
2,91186,Romeo Fernandes,293,5,6,0.0,0.0,4.0,0.0,True,290,293,16/05/2015,NA,NA,NA,NA,NA,NA,NA,NA,NA,NA,NA,NA,NA,NA,NA,NA,NA,NA
2,62069,Maikon Leite,275,5,6,0.0,0.0,4.0,0.0,True,317,275,17/05/2015,NA,NA,NA,NA,NA,NA,NA,NA,NA,NA,NA,NA,NA,NA,NA,NA,NA,NA
2,70106,Mouche,275,5,5,0.0,0.0,4.0,0.0,True,317,275,17/05/2015,NA,NA,NA,NA,NA,NA,NA,NA,NA,NA,NA,NA,NA,NA,NA,NA,NA,NA
2,79334,Ricardo Silva,293,3,6,0.0,0.0,4.0,0.0,True,290,293,16/05/2015,NA,NA,NA,NA,NA,NA,NA,NA,NA,NA,NA,NA,NA,NA,NA,NA,NA,NA
2,88540,Auro,276,2,2,0.0,0.0,4.0,0.0,True,303,276,17/05/2015,NA,NA,NA,NA,NA,NA,NA,NA,NA,NA,NA,NA,NA,NA,NA,NA,NA,NA
2,84557,Montoya ,267,4,6,0.0,0.0,4.0,0.0,True,316,267,17/05/2015,NA,NA,NA,NA,NA,NA,NA,NA,NA,NA,NA,NA,NA,NA,NA,NA,NA,NA
2,77551,Thomás,303,4,6,0.0,0.0,4.0,0.0,False,303,276,17/05/2015,NA,NA,NA,NA,NA,NA,NA,NA,NA,NA,NA,NA,NA,NA,NA,NA,NA,NA
2,83101,Alef,317,3,6,0.0,0.0,4.0,0.0,False,317,275,17/05/2015,NA,NA,NA,NA,NA,NA,NA,NA,NA,NA,NA,NA,NA,NA,NA,NA,NA,NA
2,60784,Rafael Carioca,282,4,6,0.0,0.0,4.0,0.0,False,282,266,17/05/2015,NA,NA,NA,NA,NA,NA,NA,NA,NA,NA,NA,NA,NA,NA,NA,NA,NA,NA
2,78086,César,262,1,6,0.0,0.0,4.0,0.0,False,262,292,17/05/2015,NA,NA,NA,NA,NA,NA,NA,NA,NA,NA,NA,NA,NA,NA,NA,NA,NA,NA
2,71572,Gabriel,284,3,5,0.0,0.0,4.0,0.0,True,294,284,16/05/2015,NA,NA,NA,NA,NA,NA,NA,NA,NA,NA,NA,NA,NA,NA,NA,NA,NA,NA
2,51042,Apodi,315,2,7,4.3,4.3,7.36,2.36,True,264,315,16/05/2015,4.0,2.0,NA,NA,NA,NA,NA,NA,NA,2.0,1.0,NA,NA,NA,NA,NA,NA,NA
2,68951,Josimar,303,4,7,-0.8,-0.8,7.28,-2.72,False,303,276,17/05/2015,1.0,NA,NA,NA,NA,NA,NA,NA,NA,1.0,2.0,NA,1.0,NA,NA,NA,NA,NA
2,62004,Bruno Aguiar,317,3,7,1.2,1.2,7.28,-0.72,False,317,275,17/05/2015,NA,NA,NA,NA,NA,NA,NA,NA,NA,1.0,1.0,NA,NA,NA,NA,NA,NA,NA
2,73528,Guti,317,3,7,5.1,5.1,7.2,3.2,False,317,275,17/05/2015,NA,NA,NA,NA,NA,NA,NA,NA,NA,3.0,NA,NA,NA,NA,NA,NA,NA,NA
2,61241,Wellington Saci,317,2,7,1.1,1.1,7.2,-0.8,False,317,275,17/05/2015,3.0,7.0,NA,NA,NA,NA,NA,NA,NA,1.0,NA,NA,NA,NA,NA,NA,NA,NA
2,88056,Malcom,264,5,7,1.1,1.1,7.2,-0.8,False,264,315,16/05/2015,4.0,3.0,NA,NA,NA,NA,NA,NA,NA,NA,NA,NA,NA,NA,NA,NA,NA,NA
2,63194,Carlinhos,294,2,7,1.0,1.0,7.12,-0.88,False,294,284,16/05/2015,3.0,3.0,NA,NA,NA,1.0,NA,NA,NA,1.0,4.0,NA,NA,NA,NA,NA,NA,NA
2,69705,Nikão,293,4,2,0.0,0.0,7.12,-1.88,True,290,293,16/05/2015,1.0,NA,NA,NA,NA,NA,NA,NA,NA,NA,1.0,NA,NA,NA,NA,NA,NA,NA
2,68830,Ricardinho,316,4,7,3.0,3.0,7.12,1.12,False,316,267,17/05/2015,3.0,3.0,NA,NA,NA,NA,NA,NA,NA,2.0,2.0,NA,NA,NA,NA,NA,NA,NA
2,73465,Luccas Claro,294,3,7,0.0,0.0,7.12,-1.88,False,294,284,16/05/2015,NA,NA,NA,NA,NA,NA,NA,NA,NA,NA,NA,NA,NA,NA,NA,NA,NA,NA
2,38763,Marcinho,267,4,6,0.9,0.9,7.04,-0.96,True,316,267,17/05/2015,NA,1.0,NA,NA,NA,NA,NA,NA,NA,1.0,1.0,NA,NA,NA,NA,NA,NA,NA
2,83028,Braian Rodríguez,284,5,5,0.0,0.0,7.0,0.0,True,294,284,16/05/2015,NA,NA,NA,NA,NA,NA,NA,NA,NA,NA,NA,NA,NA,NA,NA,NA,NA,NA
2,88917,Murilo Henrique,290,4,6,0.0,0.0,7.0,0.0,False,290,293,16/05/2015,NA,NA,NA,NA,NA,NA,NA,NA,NA,NA,NA,NA,NA,NA,NA,NA,NA,NA
2,62129,Wellington,285,4,5,0.0,0.0,7.0,0.0,False,285,314,17/05/2015,NA,NA,NA,NA,NA,NA,NA,NA,NA,NA,NA,NA,NA,NA,NA,NA,NA,NA
2,60859,Jael,317,5,6,0.0,0.0,7.0,0.0,False,317,275,17/05/2015,NA,NA,NA,NA,NA,NA,NA,NA,NA,NA,NA,NA,NA,NA,NA,NA,NA,NA
2,63020,Tinga,314,4,5,0.0,0.0,7.0,0.0,True,285,314,17/05/2015,NA,NA,NA,NA,NA,NA,NA,NA,NA,NA,NA,NA,NA,NA,NA,NA,NA,NA
2,49641,Adriano,314,4,6,0.0,0.0,7.0,0.0,True,285,314,17/05/2015,NA,NA,NA,NA,NA,NA,NA,NA,NA,NA,NA,NA,NA,NA,NA,NA,NA,NA
2,68904,Vítor,292,2,6,0.0,0.0,7.0,0.0,True,262,292,17/05/2015,NA,NA,NA,NA,NA,NA,NA,NA,NA,NA,NA,NA,NA,NA,NA,NA,NA,NA
2,71602,João Paulo,275,2,5,0.0,0.0,7.0,0.0,True,317,275,17/05/2015,NA,NA,NA,NA,NA,NA,NA,NA,NA,NA,NA,NA,NA,NA,NA,NA,NA,NA
2,70121,Rafael Costa,317,5,6,0.0,0.0,7.0,0.0,False,317,275,17/05/2015,NA,NA,NA,NA,NA,NA,NA,NA,NA,NA,NA,NA,NA,NA,NA,NA,NA,NA
2,70986,Léo Cittadini,277,4,6,0.0,0.0,2.0,0.0,False,277,283,17/05/2015,NA,NA,NA,NA,NA,NA,NA,NA,NA,NA,NA,NA,NA,NA,NA,NA,NA,NA
2,49673,Júlio César,266,1,6,0.0,0.0,2.0,0.0,True,282,266,17/05/2015,NA,NA,NA,NA,NA,NA,NA,NA,NA,NA,NA,NA,NA,NA,NA,NA,NA,NA
2,86713,Jonathan,303,3,6,0.0,0.0,2.0,0.0,False,303,276,17/05/2015,NA,NA,NA,NA,NA,NA,NA,NA,NA,NA,NA,NA,NA,NA,NA,NA,NA,NA
2,73991,Walisson,294,3,6,0.0,0.0,2.0,0.0,False,294,284,16/05/2015,NA,NA,NA,NA,NA,NA,NA,NA,NA,NA,NA,NA,NA,NA,NA,NA,NA,NA
2,87214,Citta Júnior,303,4,6,0.0,0.0,2.0,0.0,False,303,276,17/05/2015,NA,NA,NA,NA,NA,NA,NA,NA,NA,NA,NA,NA,NA,NA,NA,NA,NA,NA
2,80537,Michael,266,5,3,0.0,0.0,2.0,0.0,True,282,266,17/05/2015,NA,NA,NA,NA,NA,NA,NA,NA,NA,NA,NA,NA,NA,NA,NA,NA,NA,NA
2,91388,Rodrigo Ramos,294,2,6,0.0,0.0,2.0,0.0,False,294,284,16/05/2015,NA,NA,NA,NA,NA,NA,NA,NA,NA,NA,NA,NA,NA,NA,NA,NA,NA,NA
2,90890,Paulo Victor ,294,5,6,0.0,0.0,2.0,0.0,False,294,284,16/05/2015,NA,NA,NA,NA,NA,NA,NA,NA,NA,NA,NA,NA,NA,NA,NA,NA,NA,NA
2,85591,Artur,285,2,6,0.0,0.0,2.0,0.0,False,285,314,17/05/2015,NA,NA,NA,NA,NA,NA,NA,NA,NA,NA,NA,NA,NA,NA,NA,NA,NA,NA
2,86148,Ian,303,4,6,0.0,0.0,2.0,0.0,False,303,276,17/05/2015,NA,NA,NA,NA,NA,NA,NA,NA,NA,NA,NA,NA,NA,NA,NA,NA,NA,NA
2,87400,Alex,283,3,6,0.0,0.0,2.0,0.0,True,277,283,17/05/2015,NA,NA,NA,NA,NA,NA,NA,NA,NA,NA,NA,NA,NA,NA,NA,NA,NA,NA
2,84896,Lucas Otávio ,277,4,6,0.0,0.0,2.0,0.0,False,277,283,17/05/2015,NA,NA,NA,NA,NA,NA,NA,NA,NA,NA,NA,NA,NA,NA,NA,NA,NA,NA
2,88002,Serginho,277,4,6,0.0,0.0,2.0,0.0,False,277,283,17/05/2015,NA,NA,NA,NA,NA,NA,NA,NA,NA,NA,NA,NA,NA,NA,NA,NA,NA,NA
2,78839,Gabriel Gasparotto,277,1,6,0.0,0.0,2.0,0.0,False,277,283,17/05/2015,NA,NA,NA,NA,NA,NA,NA,NA,NA,NA,NA,NA,NA,NA,NA,NA,NA,NA
2,89467,Erick Samuel,284,5,6,0.0,0.0,2.0,0.0,True,294,284,16/05/2015,NA,NA,NA,NA,NA,NA,NA,NA,NA,NA,NA,NA,NA,NA,NA,NA,NA,NA
2,90304,Tinga,284,2,6,0.0,0.0,2.0,0.0,True,294,284,16/05/2015,NA,NA,NA,NA,NA,NA,NA,NA,NA,NA,NA,NA,NA,NA,NA,NA,NA,NA
2,90532,Arthur,284,4,5,0.0,0.0,2.0,0.0,True,294,284,16/05/2015,NA,NA,NA,NA,NA,NA,NA,NA,NA,NA,NA,NA,NA,NA,NA,NA,NA,NA
2,88136,Ivan,303,1,6,0.0,0.0,2.0,0.0,False,303,276,17/05/2015,NA,NA,NA,NA,NA,NA,NA,NA,NA,NA,NA,NA,NA,NA,NA,NA,NA,NA
2,89227,Balbino,284,4,6,0.0,0.0,2.0,0.0,True,294,284,16/05/2015,NA,NA,NA,NA,NA,NA,NA,NA,NA,NA,NA,NA,NA,NA,NA,NA,NA,NA
2,89815,Gustavo Ferrareis,285,5,6,0.0,0.0,2.0,0.0,False,285,314,17/05/2015,NA,NA,NA,NA,NA,NA,NA,NA,NA,NA,NA,NA,NA,NA,NA,NA,NA,NA
2,70111,Guilherme Mattis,266,3,6,0.0,0.0,5.0,0.0,True,282,266,17/05/2015,NA,NA,NA,NA,NA,NA,NA,NA,NA,NA,NA,NA,NA,NA,NA,NA,NA,NA
2,70759,Martinuccio,266,5,6,0.0,0.0,5.0,0.0,True,282,266,17/05/2015,NA,NA,NA,NA,NA,NA,NA,NA,NA,NA,NA,NA,NA,NA,NA,NA,NA,NA
2,69329,Cereceda,316,2,6,0.0,0.0,5.0,0.0,False,316,267,17/05/2015,NA,NA,NA,NA,NA,NA,NA,NA,NA,NA,NA,NA,NA,NA,NA,NA,NA,NA
2,50346,Guilherme Santos,314,2,6,0.0,0.0,5.0,0.0,True,285,314,17/05/2015,NA,NA,NA,NA,NA,NA,NA,NA,NA,NA,NA,NA,NA,NA,NA,NA,NA,NA
2,86765,Bruno Mota,293,4,6,0.0,0.0,5.0,0.0,True,290,293,16/05/2015,NA,NA,NA,NA,NA,NA,NA,NA,NA,NA,NA,NA,NA,NA,NA,NA,NA,NA
2,79710,Caíque,293,5,6,0.0,0.0,5.0,0.0,True,290,293,16/05/2015,NA,NA,NA,NA,NA,NA,NA,NA,NA,NA,NA,NA,NA,NA,NA,NA,NA,NA
2,83528,Léo Pereira,293,3,6,0.0,0.0,5.0,0.0,True,290,293,16/05/2015,NA,NA,NA,NA,NA,NA,NA,NA,NA,NA,NA,NA,NA,NA,NA,NA,NA,NA
2,69008,Neto,315,3,6,0.0,0.0,5.0,0.0,True,264,315,16/05/2015,NA,NA,NA,NA,NA,NA,NA,NA,NA,NA,NA,NA,NA,NA,NA,NA,NA,NA
2,69016,Paulinho,303,4,6,3.3,3.3,4.98,1.98,False,303,276,17/05/2015,2.0,2.0,NA,NA,NA,NA,NA,NA,NA,2.0,1.0,NA,NA,NA,NA,NA,NA,NA
2,85121,Robert ,266,4,6,1.3,1.3,4.98,-0.02,True,282,266,17/05/2015,1.0,3.0,NA,NA,1.0,1.0,NA,NA,NA,NA,NA,NA,NA,NA,NA,NA,NA,NA
2,81031,Marquinhos Santos,294,6,7,1.27,1.27,4.96,-0.04,False,294,284,16/05/2015,NA,NA,NA,NA,NA,NA,NA,NA,NA,NA,NA,NA,NA,NA,NA,NA,NA,NA
2,86890,William Popp,317,5,6,2.2,2.2,4.9,0.9,False,317,275,17/05/2015,1.0,NA,NA,NA,NA,NA,NA,NA,NA,1.0,NA,NA,NA,NA,NA,NA,NA,NA
2,86935,Rodrigo,290,4,7,1.2,1.2,4.9,-0.1,False,290,293,16/05/2015,1.0,NA,NA,NA,1.0,NA,NA,NA,NA,1.0,4.0,NA,NA,NA,NA,NA,NA,NA
2,42501,Rhodolfo,284,3,7,1.2,1.2,4.9,-0.1,True,294,284,16/05/2015,NA,NA,NA,NA,NA,NA,NA,NA,NA,1.0,1.0,NA,NA,NA,NA,NA,NA,NA
2,73879,Rogério,317,2,7,0.2,0.2,4.9,-1.1,False,317,275,17/05/2015,1.0,1.0,NA,NA,NA,NA,NA,NA,NA,NA,NA,NA,NA,NA,NA,NA,NA,NA
2,79887,Fabiano,283,2,5,0.2,0.2,4.9,-1.1,True,277,283,17/05/2015,1.0,1.0,NA,NA,NA,NA,NA,NA,NA,NA,NA,NA,NA,NA,NA,NA,NA,NA
2,85931,Hyoran,315,4,7,0.1,0.1,4.83,-1.17,True,264,315,16/05/2015,2.0,6.0,NA,NA,NA,1.0,NA,NA,NA,1.0,3.0,NA,NA,NA,NA,NA,NA,NA
2,60780,Vinícius Eutrópio,315,6,7,4.01,4.01,4.75,2.75,True,264,315,16/05/2015,NA,NA,NA,NA,NA,NA,NA,NA,NA,NA,NA,NA,NA,NA,NA,NA,NA,NA
2,70992,Juliano,290,4,7,0.0,0.0,4.75,-1.25,False,290,293,16/05/2015,1.0,NA,NA,NA,NA,NA,NA,NA,NA,NA,1.0,NA,NA,NA,NA,NA,NA,NA
2,38579,Rodrigo Mancha,292,4,6,0.0,0.0,4.75,-1.25,True,262,292,17/05/2015,NA,NA,NA,NA,NA,NA,NA,NA,NA,NA,NA,NA,NA,NA,NA,NA,NA,NA
